dxy_z,real_z,vix_z,risk_z,nom_z,do_ctx,mom,range_to_atr20,activity,vol_pct,spread_pts,news_lock,gap_pct,pct24h,sess_asia,sess_london,sess_newyork,sess_off,q_ok,q_degraded,q_poor,dxyZ_fresh,realZ_fresh,vixZ_fresh,risk_on_fresh,nominalZ_fresh,do_ctx_fresh,mom_fresh,target,_timestamp,_price_now
0.0,0.0,0.0,0.0,0.0,0.0,0.730523627075411,1.8073864280574048,0.004363539578664465,50,15,0.0,0.0,0.0,0.0,0.0,0.0,1.0,1.0,0.0,0.0,1.0,1.0,1.0,1.0,1.0,1.0,1.0,1,2025-10-16T21:20:00,4321.71
0.0,0.0,0.0,0.0,0.0,0.0,-0.8561403508773281,1.8079637435103262,0.0012481345414317787,50,15,0.0,0.0,0.0,0.0,0.0,0.0,1.0,1.0,0.0,0.0,1.0,1.0,1.0,1.0,1.0,1.0,1.0,1,2025-10-16T21:25:00,4320.33
0.0,0.0,0.0,0.0,0.0,0.0,1.0653061224493914,1.8089351344716587,0.006044535281597278,50,15,0.0,0.0,0.0,0.0,0.0,0.0,1.0,1.0,0.0,0.0,1.0,1.0,1.0,1.0,1.0,1.0,1.0,1,2025-10-16T21:30:00,4318.01
0.0,0.0,0.0,0.0,0.0,0.0,0.3574468085106781,1.808311147123502,0.000757728105145603,50,15,0.0,0.0,0.0,0.0,0.0,0.0,1.0,1.0,0.0,0.0,1.0,1.0,1.0,1.0,1.0,1.0,1.0,1,2025-10-16T21:35:00,4319.5
0.0,0.0,0.0,0.0,0.0,0.0,0.5567867036010995,1.892238169464237,0.0019236887831031767,50,15,0.0,0.0,0.0,0.0,0.0,0.0,1.0,1.0,0.0,0.0,1.0,1.0,1.0,1.0,1.0,1.0,1.0,1,2025-10-16T21:40:00,4323.98
0.0,0.0,0.0,0.0,0.0,0.0,2.4422222222222922,1.8921375233857678,0.013147816712386946,50,15,0.0,0.0,0.0,0.0,0.0,0.0,1.0,1.0,0.0,0.0,1.0,1.0,1.0,1.0,1.0,1.0,1.0,1,2025-10-16T21:45:00,4324.21
0.0,0.0,0.0,0.0,0.0,0.0,18.9389312977076,1.8880202324143145,0.018784621035311862,50,15,0.0,0.0,0.0,0.0,0.0,0.0,1.0,1.0,0.0,0.0,1.0,1.0,1.0,1.0,1.0,1.0,1.0,1,2025-10-16T21:50:00,4333.64
0.0,0.0,0.0,0.0,0.0,0.0,2.5518824609733413,2.0496938843799044,0.03428090258730747,50,15,0.0,0.0,0.0,0.0,0.0,0.0,1.0,1.0,0.0,0.0,1.0,1.0,1.0,1.0,1.0,1.0,1.0,1,2025-10-16T21:55:00,4333.33
0.0,0.0,0.0,0.0,0.0,0.0,5.262729124236487,2.083909189746977,0.021704706494924095,50,15,0.0,0.0,0.0,0.0,0.0,0.0,1.0,1.0,0.0,0.0,1.0,1.0,1.0,1.0,1.0,1.0,1.0,1,2025-10-16T22:00:00,4341.36
0.0,0.0,0.0,0.0,0.0,0.0,2.86269644334167,2.2763890806978693,0.03820207398251994,50,15,0.0,0.0,0.0,0.0,0.0,0.0,1.0,1.0,0.0,0.0,1.0,1.0,1.0,1.0,1.0,1.0,1.0,1,2025-10-16T22:05:00,4344.6
0.0,0.0,0.0,0.0,0.0,0.0,4.876790830946011,2.28849331841887,0.041214156020636855,50,15,0.0,0.0,0.0,0.0,0.0,0.0,1.0,1.0,0.0,0.0,1.0,1.0,1.0,1.0,1.0,1.0,1.0,1,2025-10-16T22:10:00,4344.78
0.0,0.0,0.0,0.0,0.0,0.0,4.853873239436506,2.391714311371866,0.035815885355041155,50,15,0.0,0.0,0.0,0.0,0.0,0.0,1.0,1.0,0.0,0.0,1.0,1.0,1.0,1.0,1.0,1.0,1.0,1,2025-10-16T22:15:00,4342.91
0.0,0.0,0.0,0.0,0.0,0.0,6.766990291262701,2.392044787221545,0.034660485782106974,50,15,0.0,0.0,0.0,0.0,0.0,0.0,1.0,1.0,0.0,0.0,1.0,1.0,1.0,1.0,1.0,1.0,1.0,1,2025-10-16T22:20:00,4342.31
0.0,0.0,0.0,0.0,0.0,0.0,7.378752886836482,2.390503347441144,0.035482616325122875,50,15,0.0,0.0,0.0,0.0,0.0,0.0,1.0,1.0,0.0,0.0,1.0,1.0,1.0,1.0,1.0,1.0,1.0,1,2025-10-16T22:25:00,4345.11
0.0,0.0,0.0,0.0,0.0,0.0,5.610820244328834,2.3902558013236472,0.03857133178267103,50,15,0.0,0.0,0.0,0.0,0.0,0.0,1.0,1.0,0.0,0.0,1.0,1.0,1.0,1.0,1.0,1.0,1.0,1,2025-10-16T22:30:00,4345.56
0.0,0.0,0.0,0.0,0.0,0.0,12.126923076922301,2.39116372116365,0.040373199616277604,50,15,0.0,0.0,0.0,0.0,0.0,0.0,1.0,1.0,0.0,0.0,1.0,1.0,1.0,1.0,1.0,1.0,1.0,1,2025-10-16T22:35:00,4343.91
0.0,0.0,0.0,0.0,0.0,0.0,11.803680981594958,2.3870862471933845,0.03780116572935196,50,15,0.0,0.0,0.0,0.0,0.0,0.0,1.0,1.0,0.0,0.0,1.0,1.0,1.0,1.0,1.0,1.0,1.0,1,2025-10-16T22:40:00,4351.33
0.0,0.0,0.0,0.0,0.0,0.0,5.926530612244835,2.4114096483905505,0.04177575722558183,50,15,0.0,0.0,0.0,0.0,0.0,0.0,1.0,1.0,0.0,0.0,1.0,1.0,1.0,1.0,1.0,1.0,1.0,1,2025-10-16T22:45:00,4360.52
0.0,0.0,0.0,0.0,0.0,0.0,3.294163424124471,2.7102353534890042,0.05275742589346202,50,15,0.0,0.0,0.0,0.0,0.0,0.0,1.0,1.0,0.0,0.0,1.0,1.0,1.0,1.0,1.0,1.0,1.0,1,2025-10-16T22:50:00,4359.4
0.0,0.0,0.0,0.0,0.0,0.0,9.156316916488555,2.7084398332068624,0.04840647311745469,50,15,0.0,0.0,0.0,0.0,0.0,0.0,1.0,1.0,0.0,0.0,1.0,1.0,1.0,1.0,1.0,1.0,1.0,1,2025-10-16T22:55:00,4362.29
0.0,0.0,0.0,0.0,0.0,0.0,7.1996587030722745,2.707440592130884,0.04923937169052289,50,15,0.0,0.0,0.0,0.0,0.0,0.0,1.0,1.0,0.0,0.0,1.0,1.0,1.0,1.0,1.0,1.0,1.0,1,2025-10-16T23:00:00,4363.9
0.0,0.0,0.0,0.0,0.0,0.0,9.041237113401866,2.698330499658589,0.0528624782968625,50,15,0.0,0.0,0.0,0.0,0.0,0.0,1.0,1.0,0.0,0.0,1.0,1.0,1.0,1.0,1.0,1.0,1.0,1,2025-10-16T23:05:00,4364.18
0.0,0.0,0.0,0.0,0.0,0.0,17.36666666666775,2.694669012908147,0.05602647201619325,50,15,0.0,0.0,0.0,0.0,0.0,0.0,1.0,1.0,0.0,0.0,1.0,1.0,1.0,1.0,1.0,1.0,1.0,1,2025-10-16T23:10:00,4370.11
0.0,0.0,0.0,0.0,0.0,0.0,8.23460410557244,2.810318900463001,0.06136185459133076,50,15,0.0,0.0,0.0,0.0,0.0,0.0,1.0,1.0,0.0,0.0,1.0,1.0,1.0,1.0,1.0,1.0,1.0,1,2025-10-16T23:15:00,4375.66
0.0,0.0,0.0,0.0,0.0,0.0,6.1485642946317105,2.9280417448887937,0.06258729583972586,50,15,0.0,0.0,0.0,0.0,0.0,0.0,1.0,1.0,0.0,0.0,1.0,1.0,1.0,1.0,1.0,1.0,1.0,1,2025-10-16T23:20:00,4373.23
0.0,0.0,0.0,0.0,0.0,0.0,7.283783783784215,2.842852961086015,0.05938447200240061,50,15,0.0,0.0,0.0,0.0,0.0,0.0,1.0,1.0,0.0,0.0,1.0,1.0,1.0,1.0,1.0,1.0,1.0,1,2025-10-16T23:25:00,4372.72
0.0,0.0,0.0,0.0,0.0,0.0,7.346358792184809,2.8340571428571377,0.047293083778302575,50,15,0.0,0.0,0.0,0.0,0.0,0.0,1.0,1.0,0.0,0.0,1.0,1.0,1.0,1.0,1.0,1.0,1.0,1,2025-10-16T23:30:00,4375.0
0.0,0.0,0.0,0.0,0.0,0.0,7.782688766114116,2.7815677428643912,0.050413862661493065,50,15,0.0,0.0,0.0,0.0,0.0,0.0,1.0,1.0,0.0,0.0,1.0,1.0,1.0,1.0,1.0,1.0,1.0,1,2025-10-16T23:35:00,4375.59
0.0,0.0,0.0,0.0,0.0,0.0,8.548148148148199,2.7075078039661875,0.04137059315799532,50,15,0.0,0.0,0.0,0.0,0.0,0.0,1.0,1.0,0.0,0.0,1.0,1.0,1.0,1.0,1.0,1.0,1.0,1,2025-10-16T23:40:00,4375.98
0.0,0.0,0.0,0.0,0.0,0.0,5.892631578947594,2.7096068920250826,0.0379117559217387,50,15,0.0,0.0,0.0,0.0,0.0,0.0,1.0,1.0,0.0,0.0,1.0,1.0,1.0,1.0,1.0,1.0,1.0,1,2025-10-16T23:45:00,4372.59
0.0,0.0,0.0,0.0,0.0,0.0,3.869631901840434,2.7112066105111783,0.03361641720943519,50,15,0.0,0.0,0.0,0.0,0.0,0.0,1.0,1.0,0.0,0.0,1.0,1.0,1.0,1.0,1.0,1.0,1.0,1,2025-10-16T23:50:00,4370.01
0.0,0.0,0.0,0.0,0.0,0.0,11.872586872587208,2.692939094488363,0.032776218400140306,50,15,0.0,0.0,0.0,0.0,0.0,0.0,1.0,1.0,0.0,0.0,1.0,1.0,1.0,1.0,1.0,1.0,1.0,1,2025-10-16T23:55:00,4373.66
0.0,0.0,0.0,0.0,0.0,0.0,8.24403183023823,2.612847242070806,0.0378993477502931,50,15,0.0,0.0,0.0,0.0,0.0,0.0,1.0,1.0,0.0,0.0,1.0,1.0,1.0,1.0,1.0,1.0,1.0,1,2025-10-17T00:00:00,4373.39
0.0,0.0,0.0,0.0,0.0,0.0,4.728855721393239,2.623467704585531,0.03418065683235456,50,15,0.0,0.0,0.0,0.0,0.0,0.0,1.0,1.0,0.0,0.0,1.0,1.0,1.0,1.0,1.0,1.0,1.0,1,2025-10-17T00:05:00,4383.13
0.0,0.0,0.0,0.0,0.0,0.0,3.250000000000001,2.7204360315506144,0.045357186264805754,50,15,0.0,0.0,0.0,0.0,0.0,0.0,1.0,1.0,0.0,0.0,1.0,1.0,1.0,1.0,1.0,1.0,1.0,1,2025-10-17T00:10:00,4410.69
0.0,0.0,0.0,0.0,0.0,0.0,0.22379582503503842,11.837616377259613,0.08044898650086438,50,15,0.0,0.0,0.0,0.0,0.0,0.0,1.0,1.0,0.0,0.0,1.0,1.0,1.0,1.0,1.0,1.0,1.0,0,2025-10-17T00:15:00,4434.93
0.0,0.0,0.0,0.0,0.0,0.0,1.3805950840879488,11.897999632210208,0.10038372461453415,50,15,0.0,0.0,0.0,0.0,0.0,0.0,1.0,1.0,0.0,0.0,1.0,1.0,1.0,1.0,1.0,1.0,1.0,1,2025-10-17T00:20:00,4404.69
0.0,0.0,0.0,0.0,0.0,0.0,1.3738556525441707,11.711506084677003,0.05338059381349375,50,15,0.0,0.0,0.0,0.0,0.0,0.0,1.0,1.0,0.0,0.0,1.0,1.0,1.0,1.0,1.0,1.0,1.0,1,2025-10-17T00:25:00,4425.05
0.0,0.0,0.0,0.0,0.0,0.0,2.2540983606557665,11.669968192160095,0.07906057185237851,50,15,0.0,0.0,0.0,0.0,0.0,0.0,1.0,1.0,0.0,0.0,1.0,1.0,1.0,1.0,1.0,1.0,1.0,1,2025-10-17T00:30:00,4417.15
0.0,0.0,0.0,0.0,0.0,0.0,4.541749502981985,11.683356095082102,0.06617517275759001,50,15,0.0,0.0,0.0,0.0,0.0,0.0,1.0,1.0,0.0,0.0,1.0,1.0,1.0,1.0,1.0,1.0,1.0,1,2025-10-17T00:35:00,4407.98
0.0,0.0,0.0,0.0,0.0,0.0,2.9081632653060607,11.656726383811861,0.053306375716746804,50,15,0.0,0.0,0.0,0.0,0.0,0.0,1.0,1.0,0.0,0.0,1.0,1.0,1.0,1.0,1.0,1.0,1.0,1,2025-10-17T00:40:00,4418.05
0.0,0.0,0.0,0.0,0.0,0.0,4.827777777777716,11.6383917776457,0.06499232484132433,50,15,0.0,0.0,0.0,0.0,0.0,0.0,1.0,1.0,0.0,0.0,1.0,1.0,1.0,1.0,1.0,1.0,1.0,1,2025-10-17T00:45:00,4425.01
0.0,0.0,0.0,0.0,0.0,0.0,4.104023552502397,11.672895988830284,0.06613214901218158,50,15,0.0,0.0,0.0,0.0,0.0,0.0,1.0,1.0,0.0,0.0,1.0,1.0,1.0,1.0,1.0,1.0,1.0,1,2025-10-17T00:50:00,4411.93
0.0,0.0,0.0,0.0,0.0,0.0,1.8848484848485316,11.686590601711913,0.0438904835443255,50,15,0.0,0.0,0.0,0.0,0.0,0.0,1.0,1.0,0.0,0.0,1.0,1.0,1.0,1.0,1.0,1.0,1.0,1,2025-10-17T00:55:00,4406.76
0.0,0.0,0.0,0.0,0.0,0.0,5.808633093525629,11.66847924596701,0.04064586265656712,50,15,0.0,0.0,0.0,0.0,0.0,0.0,1.0,1.0,0.0,0.0,1.0,1.0,1.0,1.0,1.0,1.0,1.0,1,2025-10-17T01:00:00,4413.6
0.0,0.0,0.0,0.0,0.0,0.0,5.694779116465901,11.62675191446323,0.04942891202660618,50,15,0.0,0.0,0.0,0.0,0.0,0.0,1.0,1.0,0.0,0.0,1.0,1.0,1.0,1.0,1.0,1.0,1.0,0,2025-10-17T01:05:00,4429.44
0.0,0.0,0.0,0.0,0.0,0.0,2.8528164748637406,11.625245923882316,0.06557360900581904,50,15,0.0,0.0,0.0,0.0,0.0,0.0,1.0,1.0,0.0,0.0,1.0,1.0,1.0,1.0,1.0,1.0,1.0,0,2025-10-17T01:10:00,4422.1
0.0,0.0,0.0,0.0,0.0,0.0,3.170406306852706,11.51366232522636,0.05614228535642756,50,15,0.0,0.0,0.0,0.0,0.0,0.0,1.0,1.0,0.0,0.0,1.0,1.0,1.0,1.0,1.0,1.0,1.0,0,2025-10-17T01:15:00,4427.87
0.0,0.0,0.0,0.0,0.0,0.0,4.569254185692571,11.474249439813164,0.0625405963812697,50,15,0.0,0.0,0.0,0.0,0.0,0.0,1.0,1.0,0.0,0.0,1.0,1.0,1.0,1.0,1.0,1.0,1.0,0,2025-10-17T01:20:00,4436.02
0.0,0.0,0.0,0.0,0.0,0.0,6.742215785662895,11.366862977808625,0.0763053212438908,50,15,0.0,0.0,0.0,0.0,0.0,0.0,1.0,1.0,0.0,0.0,1.0,1.0,1.0,1.0,1.0,1.0,1.0,0,2025-10-17T01:25:00,4465.7
0.0,0.0,0.0,0.0,0.0,0.0,0.7202272266179773,11.345842499791711,0.1146249080921636,50,15,0.0,0.0,0.0,0.0,0.0,0.0,1.0,1.0,0.0,0.0,1.0,1.0,1.0,1.0,1.0,1.0,1.0,0,2025-10-17T01:30:00,4441.01
0.0,0.0,0.0,0.0,0.0,0.0,2.3264755480606985,11.341679721967116,0.08112992474071953,50,15,0.0,0.0,0.0,0.0,0.0,0.0,1.0,1.0,0.0,0.0,1.0,1.0,1.0,1.0,1.0,1.0,1.0,0,2025-10-17T01:35:00,4442.64
0.0,0.0,0.0,0.0,0.0,0.0,3.8198791872597573,11.34088837371566,0.08338659220884287,50,15,0.0,0.0,0.0,0.0,0.0,0.0,1.0,1.0,0.0,0.0,1.0,1.0,1.0,1.0,1.0,1.0,1.0,0,2025-10-17T01:40:00,4442.95
0.0,0.0,0.0,0.0,0.0,0.0,4.281848184818382,11.328012589928054,0.07203223979289464,50,15,0.0,0.0,0.0,0.0,0.0,0.0,1.0,1.0,0.0,0.0,1.0,1.0,1.0,1.0,1.0,1.0,1.0,0,2025-10-17T01:45:00,4448.0
0.0,0.0,0.0,0.0,0.0,0.0,1.4459088412960515,11.356045273629595,0.04492112424693939,50,15,0.0,0.0,0.0,0.0,0.0,0.0,1.0,1.0,0.0,0.0,1.0,1.0,1.0,1.0,1.0,1.0,1.0,0,2025-10-17T01:50:00,4437.02
0.0,0.0,0.0,0.0,0.0,0.0,0.1167415009621371,11.3567363498056,0.0030039456057889347,50,15,0.0,0.0,0.0,0.0,0.0,0.0,1.0,1.0,0.0,0.0,1.0,1.0,1.0,1.0,1.0,1.0,1.0,0,2025-10-17T01:55:00,4436.75
0.0,0.0,0.0,0.0,0.0,0.0,1.3823529411765152,11.406535095463825,0.03857102591448468,50,15,0.0,0.0,0.0,0.0,0.0,0.0,1.0,1.0,0.0,0.0,1.0,1.0,1.0,1.0,1.0,1.0,1.0,0,2025-10-17T02:00:00,4417.38
0.0,0.0,0.0,0.0,0.0,0.0,-0.4582781456953624,11.404929473777196,0.008735047941148393,50,15,0.0,0.0,0.0,0.0,0.0,0.0,1.0,1.0,0.0,0.0,1.0,1.0,1.0,1.0,1.0,1.0,1.0,0,2025-10-17T02:05:00,4414.67
0.0,0.0,0.0,0.0,0.0,0.0,-0.4309825195900944,11.417006802721083,0.0025676545739055133,50,15,0.0,0.0,0.0,0.0,0.0,0.0,1.0,1.0,0.0,0.0,1.0,1.0,1.0,1.0,1.0,1.0,1.0,0,2025-10-17T02:10:00,4410.0
0.0,0.0,0.0,0.0,0.0,0.0,0.21640091116178262,11.417317478026607,0.0027910955191263256,50,15,0.0,0.0,0.0,0.0,0.0,0.0,1.0,1.0,0.0,0.0,1.0,1.0,1.0,1.0,1.0,1.0,1.0,0,2025-10-17T02:15:00,4409.88
0.0,0.0,0.0,0.0,0.0,0.0,-1.3211538461537835,11.431756620219733,0.00937576768186503,50,15,0.0,0.0,0.0,0.0,0.0,0.0,1.0,1.0,0.0,0.0,1.0,1.0,1.0,1.0,1.0,1.0,1.0,0,2025-10-17T02:20:00,4404.31
0.0,0.0,0.0,0.0,0.0,0.0,-4.17453505007129,11.453809633220569,0.02431486537350023,50,15,0.0,0.0,0.0,0.0,0.0,0.0,1.0,1.0,0.0,0.0,1.0,1.0,1.0,1.0,1.0,1.0,1.0,0,2025-10-17T02:25:00,4395.83
0.0,0.0,0.0,0.0,0.0,0.0,-0.9289372599232089,11.449668214543976,0.018890976953118616,50,15,0.0,0.0,0.0,0.0,0.0,0.0,1.0,1.0,0.0,0.0,1.0,1.0,1.0,1.0,1.0,1.0,1.0,0,2025-10-17T02:30:00,4397.42
0.0,0.0,0.0,0.0,0.0,0.0,-1.9073107049607756,11.46340630442949,0.010819770648954997,50,15,0.0,0.0,0.0,0.0,0.0,0.0,1.0,1.0,0.0,0.0,1.0,1.0,1.0,1.0,1.0,1.0,1.0,0,2025-10-17T02:35:00,4392.15
0.0,0.0,0.0,0.0,0.0,0.0,-1.760162601626136,11.441368355750676,0.025296564120914,50,15,0.0,0.0,0.0,0.0,0.0,0.0,1.0,1.0,0.0,0.0,1.0,1.0,1.0,1.0,1.0,1.0,1.0,0,2025-10-17T02:40:00,4400.61
0.0,0.0,0.0,0.0,0.0,0.0,-1.9222323879230714,11.42107280823331,0.034047844598625455,50,15,0.0,0.0,0.0,0.0,0.0,0.0,1.0,1.0,0.0,0.0,1.0,1.0,1.0,1.0,1.0,1.0,1.0,0,2025-10-17T02:45:00,4408.43
0.0,0.0,0.0,0.0,0.0,0.0,-1.2427360774819318,11.438872947607328,0.015973525033749155,50,15,0.0,0.0,0.0,0.0,0.0,0.0,1.0,1.0,0.0,0.0,1.0,1.0,1.0,1.0,1.0,1.0,1.0,0,2025-10-17T02:50:00,4401.57
0.0,0.0,0.0,0.0,0.0,0.0,-1.9667444574095576,11.458162652247523,0.03103099596322624,50,15,0.0,0.0,0.0,0.0,0.0,0.0,1.0,1.0,0.0,0.0,1.0,1.0,1.0,1.0,1.0,1.0,1.0,0,2025-10-17T02:55:00,4394.16
0.0,0.0,0.0,0.0,0.0,0.0,-4.563651591290077,11.491191433129519,0.04957891343346732,50,15,0.0,0.0,0.0,0.0,0.0,0.0,1.0,1.0,0.0,0.0,1.0,1.0,1.0,1.0,1.0,1.0,1.0,0,2025-10-17T03:00:00,4381.53
0.0,0.0,0.0,0.0,0.0,0.0,-1.8143365983971564,11.214816842297347,0.09992076434420501,50,15,0.0,0.0,0.0,0.0,0.0,0.0,1.0,1.0,0.0,0.0,1.0,1.0,1.0,1.0,1.0,1.0,1.0,0,2025-10-17T03:05:00,4384.2
0.0,0.0,0.0,0.0,0.0,0.0,-7.90767230169026,11.2250582165198,0.06761452934267619,50,15,0.0,0.0,0.0,0.0,0.0,0.0,1.0,1.0,0.0,0.0,1.0,1.0,1.0,1.0,1.0,1.0,1.0,0,2025-10-17T03:10:00,4380.2
0.0,0.0,0.0,0.0,0.0,0.0,-9.588750000000266,11.251898220997587,0.07434821756251653,50,15,0.0,0.0,0.0,0.0,0.0,0.0,1.0,1.0,0.0,0.0,1.0,1.0,1.0,1.0,1.0,1.0,1.0,0,2025-10-17T03:15:00,4365.93
0.0,0.0,0.0,0.0,0.0,0.0,-2.246738828753784,11.232691425951405,0.09186200933971692,50,15,0.0,0.0,0.0,0.0,0.0,0.0,1.0,1.0,0.0,0.0,1.0,1.0,1.0,1.0,1.0,1.0,1.0,0,2025-10-17T03:20:00,4362.0
0.0,0.0,0.0,0.0,0.0,0.0,-5.904225352112853,11.227131910837373,0.10258192539368885,50,15,0.0,0.0,0.0,0.0,0.0,0.0,1.0,1.0,0.0,0.0,1.0,1.0,1.0,1.0,1.0,1.0,1.0,0,2025-10-17T03:25:00,4364.16
0.0,0.0,0.0,0.0,0.0,0.0,-12.808641975309937,11.253278579335882,0.08698344710689164,50,15,0.0,0.0,0.0,0.0,0.0,0.0,1.0,1.0,0.0,0.0,1.0,1.0,1.0,1.0,1.0,1.0,1.0,1,2025-10-17T03:30:00,4354.02
0.0,0.0,0.0,0.0,0.0,0.0,-5.039250146455677,11.261788251626745,0.09889197095305975,50,15,0.0,0.0,0.0,0.0,0.0,0.0,1.0,1.0,0.0,0.0,1.0,1.0,1.0,1.0,1.0,1.0,1.0,1,2025-10-17T03:35:00,4350.73
0.0,0.0,0.0,0.0,0.0,0.0,-3.793975903614418,11.33426326247829,0.07989099849557482,50,15,0.0,0.0,0.0,0.0,0.0,0.0,1.0,1.0,0.0,0.0,1.0,1.0,1.0,1.0,1.0,1.0,1.0,1,2025-10-17T03:40:00,4322.91
0.0,0.0,0.0,0.0,0.0,0.0,-0.8586638830897729,12.325703245999339,0.11031649010397658,50,15,0.0,0.0,0.0,0.0,0.0,0.0,1.0,1.0,0.0,0.0,1.0,1.0,1.0,1.0,1.0,1.0,1.0,1,2025-10-17T03:45:00,4332.41
0.0,0.0,0.0,0.0,0.0,0.0,-3.230326295585403,12.344394743229653,0.0931826455613297,50,15,0.0,0.0,0.0,0.0,0.0,0.0,1.0,1.0,0.0,0.0,1.0,1.0,1.0,1.0,1.0,1.0,1.0,1,2025-10-17T03:50:00,4325.85
0.0,0.0,0.0,0.0,0.0,0.0,-5.102446483180525,12.295251822414198,0.10100873979248101,50,15,0.0,0.0,0.0,0.0,0.0,0.0,1.0,1.0,0.0,0.0,1.0,1.0,1.0,1.0,1.0,1.0,1.0,1,2025-10-17T03:55:00,4343.14
0.0,0.0,0.0,0.0,0.0,0.0,-2.200728450020255,12.27605961475242,0.07332465947155462,50,15,0.0,0.0,0.0,0.0,0.0,0.0,1.0,1.0,0.0,0.0,1.0,1.0,1.0,1.0,1.0,1.0,1.0,1,2025-10-17T04:00:00,4349.93
0.0,0.0,0.0,0.0,0.0,0.0,-2.5338028169012867,12.248127802562013,0.05496270294613219,50,15,0.0,0.0,0.0,0.0,0.0,0.0,1.0,1.0,0.0,0.0,1.0,1.0,1.0,1.0,1.0,1.0,1.0,1,2025-10-17T04:05:00,4359.85
0.0,0.0,0.0,0.0,0.0,0.0,-2.0139790314528754,12.255914511553609,0.04486380803906885,50,15,0.0,0.0,0.0,0.0,0.0,0.0,1.0,1.0,0.0,0.0,1.0,1.0,1.0,1.0,1.0,1.0,1.0,1,2025-10-17T04:10:00,4357.08
0.0,0.0,0.0,0.0,0.0,0.0,-2.9623287671232226,12.254592603641953,0.04190019209461361,50,15,0.0,0.0,0.0,0.0,0.0,0.0,1.0,1.0,0.0,0.0,1.0,1.0,1.0,1.0,1.0,1.0,1.0,1,2025-10-17T04:15:00,4357.55
0.0,0.0,0.0,0.0,0.0,0.0,-4.2633079847907345,12.259628629676566,0.051470156911951476,50,15,0.0,0.0,0.0,0.0,0.0,0.0,1.0,1.0,0.0,0.0,1.0,1.0,1.0,1.0,1.0,1.0,1.0,1,2025-10-17T04:20:00,4355.76
0.0,0.0,0.0,0.0,0.0,0.0,-5.877346683354519,12.243578426539674,0.0629849340406328,50,15,0.0,0.0,0.0,0.0,0.0,0.0,1.0,1.0,0.0,0.0,1.0,1.0,1.0,1.0,1.0,1.0,1.0,1,2025-10-17T04:25:00,4361.47
0.0,0.0,0.0,0.0,0.0,0.0,-3.074041811846862,12.230090603442749,0.04789536877740366,50,15,0.0,0.0,0.0,0.0,0.0,0.0,1.0,1.0,0.0,0.0,1.0,1.0,1.0,1.0,1.0,1.0,1.0,1,2025-10-17T04:30:00,4366.28
0.0,0.0,0.0,0.0,0.0,0.0,-2.3615455381785506,12.223903454053918,0.03323047725349156,50,15,0.0,0.0,0.0,0.0,0.0,0.0,1.0,1.0,0.0,0.0,1.0,1.0,1.0,1.0,1.0,1.0,1.0,1,2025-10-17T04:35:00,4368.49
0.0,0.0,0.0,0.0,0.0,0.0,-2.405797101449398,12.219931302933013,0.015438786860224523,50,15,0.0,0.0,0.0,0.0,0.0,0.0,1.0,1.0,0.0,0.0,1.0,1.0,1.0,1.0,1.0,1.0,1.0,1,2025-10-17T04:40:00,4369.91
0.0,0.0,0.0,0.0,0.0,0.0,-1.400881057268729,12.197796173455401,0.016935213524640218,50,15,0.0,0.0,0.0,0.0,0.0,0.0,1.0,1.0,0.0,0.0,1.0,1.0,1.0,1.0,1.0,1.0,1.0,1,2025-10-17T04:45:00,4377.84
0.0,0.0,0.0,0.0,0.0,0.0,0.14190687361415902,12.187662616284909,0.002582319741546293,50,15,0.0,0.0,0.0,0.0,0.0,0.0,1.0,1.0,0.0,0.0,1.0,1.0,1.0,1.0,1.0,1.0,1.0,1,2025-10-17T04:50:00,4381.48
0.0,0.0,0.0,0.0,0.0,0.0,1.2804232804231537,12.197266807216945,0.018940324317269604,50,15,0.0,0.0,0.0,0.0,0.0,0.0,1.0,1.0,0.0,0.0,1.0,1.0,1.0,1.0,1.0,1.0,1.0,1,2025-10-17T04:55:00,4378.03
0.0,0.0,0.0,0.0,0.0,0.0,1.798913043478181,12.195818250334012,0.019533727941744725,50,15,0.0,0.0,0.0,0.0,0.0,0.0,1.0,1.0,0.0,0.0,1.0,1.0,1.0,1.0,1.0,1.0,1.0,1,2025-10-17T05:00:00,4378.55
0.0,0.0,0.0,0.0,0.0,0.0,3.183486238531747,12.177934677011072,0.017552618405594994,50,15,0.0,0.0,0.0,0.0,0.0,0.0,1.0,1.0,0.0,0.0,1.0,1.0,1.0,1.0,1.0,1.0,1.0,1,2025-10-17T05:05:00,4384.98
0.0,0.0,0.0,0.0,0.0,0.0,4.437499999999936,12.155508562349338,0.0375104808682689,50,15,0.0,0.0,0.0,0.0,0.0,0.0,1.0,1.0,0.0,0.0,1.0,1.0,1.0,1.0,1.0,1.0,1.0,1,2025-10-17T05:10:00,4393.07
0.0,0.0,0.0,0.0,0.0,0.0,4.60242290748923,12.157030588363854,0.05119762737960075,50,15,0.0,0.0,0.0,0.0,0.0,0.0,1.0,1.0,0.0,0.0,1.0,1.0,1.0,1.0,1.0,1.0,1.0,1,2025-10-17T05:15:00,4392.52
0.0,0.0,0.0,0.0,0.0,0.0,11.352941176469647,12.16273465650524,0.0841930591792943,50,15,0.0,0.0,0.0,0.0,0.0,0.0,1.0,1.0,0.0,0.0,1.0,1.0,1.0,1.0,1.0,1.0,1.0,1,2025-10-17T05:20:00,4390.46
0.0,0.0,0.0,0.0,0.0,0.0,19.944055944059738,12.16553326726583,0.07015846532072383,50,15,0.0,0.0,0.0,0.0,0.0,0.0,1.0,1.0,0.0,0.0,1.0,1.0,1.0,1.0,1.0,1.0,1.0,1,2025-10-17T05:25:00,4389.45
0.0,0.0,0.0,0.0,0.0,0.0,36.39664804469771,12.161238897745386,0.07691701561548792,50,15,0.0,0.0,0.0,0.0,0.0,0.0,1.0,1.0,0.0,0.0,1.0,1.0,1.0,1.0,1.0,1.0,1.0,1,2025-10-17T05:30:00,4391.0
0.0,0.0,0.0,0.0,0.0,0.0,13.316526610642756,12.16212522889393,0.057739210712454615,50,15,0.0,0.0,0.0,0.0,0.0,0.0,1.0,1.0,0.0,0.0,1.0,1.0,1.0,1.0,1.0,1.0,1.0,1,2025-10-17T05:35:00,4390.68
0.0,0.0,0.0,0.0,0.0,0.0,7.331531531531508,12.162291430367466,0.04912730884753573,50,15,0.0,0.0,0.0,0.0,0.0,0.0,1.0,1.0,0.0,0.0,1.0,1.0,1.0,1.0,1.0,1.0,1.0,1,2025-10-17T05:40:00,4390.62
0.0,0.0,0.0,0.0,0.0,0.0,13.641509433960442,12.147406733393995,0.03705277317908675,50,15,0.0,0.0,0.0,0.0,0.0,0.0,1.0,1.0,0.0,0.0,1.0,1.0,1.0,1.0,1.0,1.0,1.0,1,2025-10-17T05:45:00,4396.0
0.0,0.0,0.0,0.0,0.0,0.0,6.731587561374413,12.141302939150245,0.046845838614576626,50,15,0.0,0.0,0.0,0.0,0.0,0.0,1.0,1.0,0.0,0.0,1.0,1.0,1.0,1.0,1.0,1.0,1.0,1,2025-10-17T05:50:00,4398.21
0.0,0.0,0.0,0.0,0.0,0.0,14.501661129567987,12.133054621466872,0.048924045697207014,50,15,0.0,0.0,0.0,0.0,0.0,0.0,1.0,1.0,0.0,0.0,1.0,1.0,1.0,1.0,1.0,1.0,1.0,1,2025-10-17T05:55:00,4401.2
0.0,0.0,0.0,0.0,0.0,0.0,21.31402439024693,12.065969672388587,0.05466406309801276,50,15,0.0,0.0,0.0,0.0,0.0,0.0,1.0,1.0,0.0,0.0,1.0,1.0,1.0,1.0,1.0,1.0,1.0,0,2025-10-17T06:00:00,4425.67
0.0,0.0,0.0,0.0,0.0,0.0,2.2973771702992525,12.071452145960583,0.0770269023560301,50,15,0.0,0.0,0.0,0.0,0.0,0.0,1.0,1.0,0.0,0.0,1.0,1.0,1.0,1.0,1.0,1.0,1.0,0,2025-10-17T06:05:00,4423.66
0.0,0.0,0.0,0.0,0.0,0.0,3.607665505226475,12.08678036690395,0.06883212497842776,50,15,0.0,0.0,0.0,0.0,0.0,0.0,1.0,1.0,0.0,0.0,1.0,1.0,1.0,1.0,1.0,1.0,1.0,1,2025-10-17T06:10:00,4418.05
0.0,0.0,0.0,0.0,0.0,0.0,3.284534534534436,12.102696136202926,0.05949353373336135,50,15,0.0,0.0,0.0,0.0,0.0,0.0,1.0,1.0,0.0,0.0,1.0,1.0,1.0,1.0,1.0,1.0,1.0,0,2025-10-17T06:15:00,4412.24
0.0,0.0,0.0,0.0,0.0,0.0,4.0860113421551665,12.100227955605304,0.05086134993319633,50,15,0.0,0.0,0.0,0.0,0.0,0.0,1.0,1.0,0.0,0.0,1.0,1.0,1.0,1.0,1.0,1.0,1.0,0,2025-10-17T06:20:00,4413.14
0.0,0.0,0.0,0.0,0.0,0.0,3.3349851337958256,12.104753722665132,0.04238395699906731,50,15,0.0,0.0,0.0,0.0,0.0,0.0,1.0,1.0,0.0,0.0,1.0,1.0,1.0,1.0,1.0,1.0,1.0,0,2025-10-17T06:25:00,4411.49
0.0,0.0,0.0,0.0,0.0,0.0,4.147268408551149,12.091296078253784,0.03604004272761788,50,15,0.0,0.0,0.0,0.0,0.0,0.0,1.0,1.0,0.0,0.0,1.0,1.0,1.0,1.0,1.0,1.0,1.0,0,2025-10-17T06:30:00,4416.4
0.0,0.0,0.0,0.0,0.0,0.0,4.472481827622129,12.078442016692676,0.046042189071444486,50,15,0.0,0.0,0.0,0.0,0.0,0.0,1.0,1.0,0.0,0.0,1.0,1.0,1.0,1.0,1.0,1.0,1.0,0,2025-10-17T06:35:00,4421.1
0.0,0.0,0.0,0.0,0.0,0.0,3.9443813847903373,12.09978927333288,0.051018190730033434,50,15,0.0,0.0,0.0,0.0,0.0,0.0,1.0,1.0,0.0,0.0,1.0,1.0,1.0,1.0,1.0,1.0,1.0,0,2025-10-17T06:40:00,4413.3
0.0,0.0,0.0,0.0,0.0,0.0,2.0743338008415733,12.096335761661411,0.03400350917278474,50,15,0.0,0.0,0.0,0.0,0.0,0.0,1.0,1.0,0.0,0.0,1.0,1.0,1.0,1.0,1.0,1.0,1.0,0,2025-10-17T06:45:00,4414.56
0.0,0.0,0.0,0.0,0.0,0.0,2.239282153539491,12.093678448566765,0.02579596363241225,50,15,0.0,0.0,0.0,0.0,0.0,0.0,1.0,1.0,0.0,0.0,1.0,1.0,1.0,1.0,1.0,1.0,1.0,1,2025-10-17T06:50:00,4415.53
0.0,0.0,0.0,0.0,0.0,0.0,5.15062111801206,12.06591514543495,0.027611356437270026,50,15,0.0,0.0,0.0,0.0,0.0,0.0,1.0,1.0,0.0,0.0,1.0,1.0,1.0,1.0,1.0,1.0,1.0,0,2025-10-17T06:55:00,4425.69
0.0,0.0,0.0,0.0,0.0,0.0,2.3219724437998637,12.074673034134696,0.04219003335915756,50,15,0.0,0.0,0.0,0.0,0.0,0.0,1.0,1.0,0.0,0.0,1.0,1.0,1.0,1.0,1.0,1.0,1.0,0,2025-10-17T07:00:00,4422.48
0.0,0.0,0.0,0.0,0.0,0.0,2.459437751003907,12.081256631682304,0.03958336811041188,50,15,0.0,0.0,0.0,0.0,0.0,0.0,1.0,1.0,0.0,0.0,1.0,1.0,1.0,1.0,1.0,1.0,1.0,1,2025-10-17T07:05:00,4420.07
0.0,0.0,0.0,0.0,0.0,0.0,9.319587628867108,12.086588865852445,0.03485672326746617,50,15,0.0,0.0,0.0,0.0,0.0,0.0,1.0,1.0,0.0,0.0,1.0,1.0,1.0,1.0,1.0,1.0,1.0,0,2025-10-17T07:10:00,4418.12
0.0,0.0,0.0,0.0,0.0,0.0,3.695378151260535,12.113595582847692,0.03291833828969136,50,15,0.0,0.0,0.0,0.0,0.0,0.0,1.0,1.0,0.0,0.0,1.0,1.0,1.0,1.0,1.0,1.0,1.0,1,2025-10-17T07:15:00,4408.27
0.0,0.0,0.0,0.0,0.0,0.0,1.166666666666674,12.117278922061388,0.02125628695764903,50,15,0.0,0.0,0.0,0.0,0.0,0.0,1.0,1.0,0.0,0.0,1.0,1.0,1.0,1.0,1.0,1.0,1.0,1,2025-10-17T07:20:00,4406.93
0.0,0.0,0.0,0.0,0.0,0.0,1.227668845315942,12.11634413140107,0.013207268036261686,50,15,0.0,0.0,0.0,0.0,0.0,0.0,1.0,1.0,0.0,0.0,1.0,1.0,1.0,1.0,1.0,1.0,1.0,1,2025-10-17T07:25:00,4407.27
0.0,0.0,0.0,0.0,0.0,0.0,1.187755102040898,12.125258002329685,0.010967380982516513,50,15,0.0,0.0,0.0,0.0,0.0,0.0,1.0,1.0,0.0,0.0,1.0,1.0,1.0,1.0,1.0,1.0,1.0,0,2025-10-17T07:30:00,4404.03
0.0,0.0,0.0,0.0,0.0,0.0,1.4593202883625478,12.094116687842694,0.0035201652547612967,50,15,0.0,0.0,0.0,0.0,0.0,0.0,1.0,1.0,0.0,0.0,1.0,1.0,1.0,1.0,1.0,1.0,1.0,0,2025-10-17T07:35:00,4415.37
0.0,0.0,0.0,0.0,0.0,0.0,-1.1839708561019762,12.101516768759051,0.012190008295492702,50,15,0.0,0.0,0.0,0.0,0.0,0.0,1.0,1.0,0.0,0.0,1.0,1.0,1.0,1.0,1.0,1.0,1.0,1,2025-10-17T07:40:00,4412.67
0.0,0.0,0.0,0.0,0.0,0.0,-3.411764705882214,12.096828999768936,0.01301807019335091,50,15,0.0,0.0,0.0,0.0,0.0,0.0,1.0,1.0,0.0,0.0,1.0,1.0,1.0,1.0,1.0,1.0,1.0,0,2025-10-17T07:45:00,4414.38
0.0,0.0,0.0,0.0,0.0,0.0,0.9768907563024446,12.07407239921315,0.00430385373234033,50,15,0.0,0.0,0.0,0.0,0.0,0.0,1.0,1.0,0.0,0.0,1.0,1.0,1.0,1.0,1.0,1.0,1.0,0,2025-10-17T07:50:00,4422.7
0.0,0.0,0.0,0.0,0.0,0.0,1.2517321016166976,12.07303507962777,0.012537247313371361,50,15,0.0,0.0,0.0,0.0,0.0,0.0,1.0,1.0,0.0,0.0,1.0,1.0,1.0,1.0,1.0,1.0,1.0,0,2025-10-17T07:55:00,4423.08
0.0,0.0,0.0,0.0,0.0,0.0,1.5037878787876786,12.078496656925457,0.01191589121137186,50,15,0.0,0.0,0.0,0.0,0.0,0.0,1.0,1.0,0.0,0.0,1.0,1.0,1.0,1.0,1.0,1.0,1.0,0,2025-10-17T08:00:00,4421.08
0.0,0.0,0.0,0.0,0.0,0.0,1.6715596330274736,12.079808170836538,0.01150383778810159,50,15,0.0,0.0,0.0,0.0,0.0,0.0,1.0,1.0,0.0,0.0,1.0,1.0,1.0,1.0,1.0,1.0,1.0,0,2025-10-17T08:05:00,4420.6
0.0,0.0,0.0,0.0,0.0,0.0,-0.6387176325522995,12.105494625069708,0.005074504141974743,50,15,0.0,0.0,0.0,0.0,0.0,0.0,1.0,1.0,0.0,0.0,1.0,1.0,1.0,1.0,1.0,1.0,1.0,0,2025-10-17T08:10:00,4411.22
0.0,0.0,0.0,0.0,0.0,0.0,-0.18359255870693758,12.09491107748897,0.011694438516240278,50,15,0.0,0.0,0.0,0.0,0.0,0.0,1.0,1.0,0.0,0.0,1.0,1.0,1.0,1.0,1.0,1.0,1.0,0,2025-10-17T08:15:00,4415.08
0.0,0.0,0.0,0.0,0.0,0.0,-0.2922374429224201,12.10681200886926,0.002196657184821242,50,15,0.0,0.0,0.0,0.0,0.0,0.0,1.0,1.0,0.0,0.0,1.0,1.0,1.0,1.0,1.0,1.0,1.0,0,2025-10-17T08:20:00,4410.74
0.0,0.0,0.0,0.0,0.0,0.0,0.08062575210579406,12.094500173263908,0.0044796338225418526,50,15,0.0,0.0,0.0,0.0,0.0,0.0,1.0,1.0,0.0,0.0,1.0,1.0,1.0,1.0,1.0,1.0,1.0,0,2025-10-17T08:25:00,4415.23
0.0,0.0,0.0,0.0,0.0,0.0,-1.024026512013195,12.127626232918557,0.0002783584203127285,50,15,0.0,0.0,0.0,0.0,0.0,0.0,1.0,1.0,0.0,0.0,1.0,1.0,1.0,1.0,1.0,1.0,1.0,0,2025-10-17T08:30:00,4403.17
0.0,0.0,0.0,0.0,0.0,0.0,-1.0814529444138576,6.218736098628247,0.02676480087319989,50,15,0.0,0.0,0.0,0.0,0.0,0.0,1.0,1.0,0.0,0.0,1.0,1.0,1.0,1.0,1.0,1.0,1.0,0,2025-10-17T08:35:00,4406.04
0.0,0.0,0.0,0.0,0.0,0.0,-0.6906419180201051,6.208154433505908,0.019516833703347575,50,15,0.0,0.0,0.0,0.0,0.0,0.0,1.0,1.0,0.0,0.0,1.0,1.0,1.0,1.0,1.0,1.0,1.0,0,2025-10-17T08:40:00,4413.55
0.0,0.0,0.0,0.0,0.0,0.0,-1.5586206896550936,6.221263552250666,0.007677773141875884,50,15,0.0,0.0,0.0,0.0,0.0,0.0,1.0,1.0,0.0,0.0,1.0,1.0,1.0,1.0,1.0,1.0,1.0,0,2025-10-17T08:45:00,4404.25
0.0,0.0,0.0,0.0,0.0,0.0,-0.805555555555568,6.213151927437641,0.016446077478621583,50,15,0.0,0.0,0.0,0.0,0.0,0.0,1.0,1.0,0.0,0.0,1.0,1.0,1.0,1.0,1.0,1.0,1.0,0,2025-10-17T08:50:00,4410.0
0.0,0.0,0.0,0.0,0.0,0.0,-0.023352793995049526,6.215985063486986,0.0021592498616387285,50,15,0.0,0.0,0.0,0.0,0.0,0.0,1.0,1.0,0.0,0.0,1.0,1.0,1.0,1.0,1.0,1.0,1.0,0,2025-10-17T08:55:00,4407.99
0.0,0.0,0.0,0.0,0.0,0.0,-0.007005253940449194,6.217536630140529,0.0013602593797553207,50,15,0.0,0.0,0.0,0.0,0.0,0.0,1.0,1.0,0.0,0.0,1.0,1.0,1.0,1.0,1.0,1.0,1.0,0,2025-10-17T09:00:00,4406.89
0.0,0.0,0.0,0.0,0.0,0.0,0.8196531791907183,6.207015286474143,0.0003592040924807501,50,15,0.0,0.0,0.0,0.0,0.0,0.0,1.0,1.0,0.0,0.0,1.0,1.0,1.0,1.0,1.0,1.0,1.0,0,2025-10-17T09:05:00,4414.36
0.0,0.0,0.0,0.0,0.0,0.0,0.5354729729729886,6.2126306863143,0.012431437551556707,50,15,0.0,0.0,0.0,0.0,0.0,0.0,1.0,1.0,0.0,0.0,1.0,1.0,1.0,1.0,1.0,1.0,1.0,0,2025-10-17T09:10:00,4410.37
0.0,0.0,0.0,0.0,0.0,0.0,-0.9019980970503867,6.218947817580557,0.005877944681273702,50,15,0.0,0.0,0.0,0.0,0.0,0.0,1.0,1.0,0.0,0.0,1.0,1.0,1.0,1.0,1.0,1.0,1.0,0,2025-10-17T09:15:00,4405.89
0.0,0.0,0.0,0.0,0.0,0.0,-1.3606356968215172,6.22509394439219,0.008005773676417794,50,15,0.0,0.0,0.0,0.0,0.0,0.0,1.0,1.0,0.0,0.0,1.0,1.0,1.0,1.0,1.0,1.0,1.0,0,2025-10-17T09:20:00,4401.54
0.0,0.0,0.0,0.0,0.0,0.0,-1.0177033492823016,6.237039363913037,0.015241748355696519,50,15,0.0,0.0,0.0,0.0,0.0,0.0,1.0,1.0,0.0,0.0,1.0,1.0,1.0,1.0,1.0,1.0,1.0,0,2025-10-17T09:25:00,4393.11
0.0,0.0,0.0,0.0,0.0,0.0,-2.0689437065148426,6.241472076246188,0.03524168595871724,50,15,0.0,0.0,0.0,0.0,0.0,0.0,1.0,1.0,0.0,0.0,1.0,1.0,1.0,1.0,1.0,1.0,1.0,0,2025-10-17T09:30:00,4389.99
0.0,0.0,0.0,0.0,0.0,0.0,-2.613070539419016,6.230260420337935,0.039431809052653186,50,15,0.0,0.0,0.0,0.0,0.0,0.0,1.0,1.0,0.0,0.0,1.0,1.0,1.0,1.0,1.0,1.0,1.0,0,2025-10-17T09:35:00,4397.89
0.0,0.0,0.0,0.0,0.0,0.0,-3.22287145242085,6.252181988695872,0.02758064001674892,50,15,0.0,0.0,0.0,0.0,0.0,0.0,1.0,1.0,0.0,0.0,1.0,1.0,1.0,1.0,1.0,1.0,1.0,1,2025-10-17T09:40:00,4382.47
0.0,0.0,0.0,0.0,0.0,0.0,-2.0469914040115227,6.248745689733812,0.04546304050741839,50,15,0.0,0.0,0.0,0.0,0.0,0.0,1.0,1.0,0.0,0.0,1.0,1.0,1.0,1.0,1.0,1.0,1.0,1,2025-10-17T09:45:00,4384.88
0.0,0.0,0.0,0.0,0.0,0.0,-2.710256410256427,4.800020142185519,0.03140092417069278,50,15,0.0,0.0,0.0,0.0,0.0,0.0,1.0,1.0,0.0,0.0,1.0,1.0,1.0,1.0,1.0,1.0,1.0,1,2025-10-17T09:50:00,4368.94
0.0,0.0,0.0,0.0,0.0,0.0,-0.9657817109144385,4.648429834289445,0.05513913774752432,50,15,0.0,0.0,0.0,0.0,0.0,0.0,1.0,1.0,0.0,0.0,1.0,1.0,1.0,1.0,1.0,1.0,1.0,1,2025-10-17T09:55:00,4382.34
0.0,0.0,0.0,0.0,0.0,0.0,-1.6432304038004848,4.655004970122141,0.03382282107496082,50,15,0.0,0.0,0.0,0.0,0.0,0.0,1.0,1.0,0.0,0.0,1.0,1.0,1.0,1.0,1.0,1.0,1.0,1,2025-10-17T10:00:00,4376.15
0.0,0.0,0.0,0.0,0.0,0.0,-2.30866062437063,4.662217522852213,0.04661470089790683,50,15,0.0,0.0,0.0,0.0,0.0,0.0,1.0,1.0,0.0,0.0,1.0,1.0,1.0,1.0,1.0,1.0,1.0,1,2025-10-17T10:05:00,4369.38
0.0,0.0,0.0,0.0,0.0,0.0,-2.3615934627171087,4.416387940776922,0.04038084506713236,50,15,0.0,0.0,0.0,0.0,0.0,0.0,1.0,1.0,0.0,0.0,1.0,1.0,1.0,1.0,1.0,1.0,1.0,1,2025-10-17T10:10:00,4380.05
0.0,0.0,0.0,0.0,0.0,0.0,-0.7907627711686762,4.300823256893473,0.03095878756233936,50,15,0.0,0.0,0.0,0.0,0.0,0.0,1.0,1.0,0.0,0.0,1.0,1.0,1.0,1.0,1.0,1.0,1.0,1,2025-10-17T10:15:00,4394.74
0.0,0.0,0.0,0.0,0.0,0.0,-1.037093495934996,4.114369221103812,0.02227792127379167,50,15,0.0,0.0,0.0,0.0,0.0,0.0,1.0,1.0,0.0,0.0,1.0,1.0,1.0,1.0,1.0,1.0,1.0,1,2025-10-17T10:20:00,4393.14
0.0,0.0,0.0,0.0,0.0,0.0,-2.5740131578948002,4.013352777651189,0.013103838573560721,50,15,0.0,0.0,0.0,0.0,0.0,0.0,1.0,1.0,0.0,0.0,1.0,1.0,1.0,1.0,1.0,1.0,1.0,1,2025-10-17T10:25:00,4388.6
0.0,0.0,0.0,0.0,0.0,0.0,-2.969344608879565,4.019480089732562,0.025414293965687566,50,15,0.0,0.0,0.0,0.0,0.0,0.0,1.0,1.0,0.0,0.0,1.0,1.0,1.0,1.0,1.0,1.0,1.0,1,2025-10-17T10:30:00,4381.91
0.0,0.0,0.0,0.0,0.0,0.0,-2.305120167189202,4.015795965735889,0.031038619360786456,50,15,0.0,0.0,0.0,0.0,0.0,0.0,1.0,1.0,0.0,0.0,1.0,1.0,1.0,1.0,1.0,1.0,1.0,1,2025-10-17T10:35:00,4385.93
0.0,0.0,0.0,0.0,0.0,0.0,-1.7127016129031636,4.012164286202422,0.024896750898636303,50,15,0.0,0.0,0.0,0.0,0.0,0.0,1.0,1.0,0.0,0.0,1.0,1.0,1.0,1.0,1.0,1.0,1.0,1,2025-10-17T10:40:00,4389.9
0.0,0.0,0.0,0.0,0.0,0.0,-2.7751004016062253,4.00246333404537,0.029054149516877112,50,15,0.0,0.0,0.0,0.0,0.0,0.0,1.0,1.0,0.0,0.0,1.0,1.0,1.0,1.0,1.0,1.0,1.0,0,2025-10-17T10:45:00,4400.54
0.0,0.0,0.0,0.0,0.0,0.0,-0.07609090909090825,5.520218082689686,0.011540393200927866,50,15,0.0,0.0,0.0,0.0,0.0,0.0,1.0,1.0,0.0,0.0,1.0,1.0,1.0,1.0,1.0,1.0,1.0,0,2025-10-17T10:50:00,4402.0
0.0,0.0,0.0,0.0,0.0,0.0,0.3083270817704248,5.5102040816326525,0.004447944491865593,50,15,0.0,0.0,0.0,0.0,0.0,0.0,1.0,1.0,0.0,0.0,1.0,1.0,1.0,1.0,1.0,1.0,1.0,0,2025-10-17T10:55:00,4410.0
0.0,0.0,0.0,0.0,0.0,0.0,1.1079913606911682,5.507955936352509,0.010313478958940513,50,15,0.0,0.0,0.0,0.0,0.0,0.0,1.0,1.0,0.0,0.0,1.0,1.0,1.0,1.0,1.0,1.0,1.0,0,2025-10-17T11:00:00,4411.8
0.0,0.0,0.0,0.0,0.0,0.0,1.4054054054054097,5.51637090897534,0.022541910657099724,50,15,0.0,0.0,0.0,0.0,0.0,0.0,1.0,1.0,0.0,0.0,1.0,1.0,1.0,1.0,1.0,1.0,1.0,0,2025-10-17T11:05:00,4405.07
0.0,0.0,0.0,0.0,0.0,0.0,0.916058394160592,5.516395954642967,0.01825111360146328,50,15,0.0,0.0,0.0,0.0,0.0,0.0,1.0,1.0,0.0,0.0,1.0,1.0,1.0,1.0,1.0,1.0,1.0,0,2025-10-17T11:10:00,4405.05
0.0,0.0,0.0,0.0,0.0,0.0,1.0989180834620762,5.516458569807037,0.008755909699862643,50,15,0.0,0.0,0.0,0.0,0.0,0.0,1.0,1.0,0.0,0.0,1.0,1.0,1.0,1.0,1.0,1.0,1.0,0,2025-10-17T11:15:00,4405.0
0.0,0.0,0.0,0.0,0.0,0.0,2.291139240506115,5.52655818237642,0.02714999517740809,50,15,0.0,0.0,0.0,0.0,0.0,0.0,1.0,1.0,0.0,0.0,1.0,1.0,1.0,1.0,1.0,1.0,1.0,0,2025-10-17T11:20:00,4396.95
0.0,0.0,0.0,0.0,0.0,0.0,0.767241379310297,5.532786885245901,0.014637432112739593,50,15,0.0,0.0,0.0,0.0,0.0,0.0,1.0,1.0,0.0,0.0,1.0,1.0,1.0,1.0,1.0,1.0,1.0,0,2025-10-17T11:25:00,4392.0
0.0,0.0,0.0,0.0,0.0,0.0,3.108359133127152,5.536543465283821,0.027845004940841273,50,15,0.0,0.0,0.0,0.0,0.0,0.0,1.0,1.0,0.0,0.0,1.0,1.0,1.0,1.0,1.0,1.0,1.0,0,2025-10-17T11:30:00,4389.02
0.0,0.0,0.0,0.0,0.0,0.0,2.8138528138530132,5.528582544240035,0.008131258112467675,50,15,0.0,0.0,0.0,0.0,0.0,0.0,1.0,1.0,0.0,0.0,1.0,1.0,1.0,1.0,1.0,1.0,1.0,0,2025-10-17T11:35:00,4395.34
0.0,0.0,0.0,0.0,0.0,0.0,0.8147745790331502,5.533857873222277,0.023144123250066612,50,15,0.0,0.0,0.0,0.0,0.0,0.0,1.0,1.0,0.0,0.0,1.0,1.0,1.0,1.0,1.0,1.0,1.0,0,2025-10-17T11:40:00,4391.15
0.0,0.0,0.0,0.0,0.0,0.0,4.157276995305173,5.538979141070732,0.026269068438131263,50,15,0.0,0.0,0.0,0.0,0.0,0.0,1.0,1.0,0.0,0.0,1.0,1.0,1.0,1.0,1.0,1.0,1.0,0,2025-10-17T11:45:00,4387.09
0.0,0.0,0.0,0.0,0.0,0.0,1.536324786324677,5.538789763040089,0.008550221006776866,50,15,0.0,0.0,0.0,0.0,0.0,0.0,1.0,1.0,0.0,0.0,1.0,1.0,1.0,1.0,1.0,1.0,1.0,0,2025-10-17T11:50:00,4387.24
0.0,0.0,0.0,0.0,0.0,0.0,-0.3520309477755748,5.533920885427341,0.008921630379507469,50,15,0.0,0.0,0.0,0.0,0.0,0.0,1.0,1.0,0.0,0.0,1.0,1.0,1.0,1.0,1.0,1.0,1.0,0,2025-10-17T11:55:00,4391.1
0.0,0.0,0.0,0.0,0.0,0.0,0.11063372717505104,5.530054595065734,0.002374810315388577,50,15,0.0,0.0,0.0,0.0,0.0,0.0,1.0,1.0,0.0,0.0,1.0,1.0,1.0,1.0,1.0,1.0,1.0,0,2025-10-17T12:00:00,4394.17
0.0,0.0,0.0,0.0,0.0,0.0,0.4206500956022392,4.154140475539757,0.00674398356558311,50,15,0.0,0.0,0.0,0.0,0.0,0.0,1.0,1.0,0.0,0.0,1.0,1.0,1.0,1.0,1.0,1.0,1.0,0,2025-10-17T12:05:00,4390.8
0.0,0.0,0.0,0.0,0.0,0.0,1.0816104461371268,4.111023828227289,0.010730714466142672,50,15,0.0,0.0,0.0,0.0,0.0,0.0,1.0,1.0,0.0,0.0,1.0,1.0,1.0,1.0,1.0,1.0,1.0,0,2025-10-17T12:10:00,4391.85
0.0,0.0,0.0,0.0,0.0,0.0,1.4059945504087354,4.111735355002976,0.007160862960168265,50,15,0.0,0.0,0.0,0.0,0.0,0.0,1.0,1.0,0.0,0.0,1.0,1.0,1.0,1.0,1.0,1.0,1.0,0,2025-10-17T12:15:00,4391.09
0.0,0.0,0.0,0.0,0.0,0.0,-0.11547911547896904,3.591354686143766,0.0014860471202375587,50,15,0.0,0.0,0.0,0.0,0.0,0.0,1.0,1.0,0.0,0.0,1.0,1.0,1.0,1.0,1.0,1.0,1.0,0,2025-10-17T12:20:00,4389.43
0.0,0.0,0.0,0.0,0.0,0.0,-2.52757793764996,3.516173120728922,0.013260182723718898,50,15,0.0,0.0,0.0,0.0,0.0,0.0,1.0,1.0,0.0,0.0,1.0,1.0,1.0,1.0,1.0,1.0,1.0,0,2025-10-17T12:25:00,4390.0
0.0,0.0,0.0,0.0,0.0,0.0,-9.830687830687225,3.3763590986033734,0.014322919861725066,50,15,0.0,0.0,0.0,0.0,0.0,0.0,1.0,1.0,0.0,0.0,1.0,1.0,1.0,1.0,1.0,1.0,1.0,0,2025-10-17T12:30:00,4383.42
0.0,0.0,0.0,0.0,0.0,0.0,-4.001132502830969,3.383112326186889,0.03177669246816467,50,15,0.0,0.0,0.0,0.0,0.0,0.0,1.0,1.0,0.0,0.0,1.0,1.0,1.0,1.0,1.0,1.0,1.0,0,2025-10-17T12:35:00,4374.67
0.0,0.0,0.0,0.0,0.0,0.0,-2.0992167101827035,3.3792731822706883,0.04443101623747859,50,15,0.0,0.0,0.0,0.0,0.0,0.0,1.0,1.0,0.0,0.0,1.0,1.0,1.0,1.0,1.0,1.0,1.0,0,2025-10-17T12:40:00,4379.64
0.0,0.0,0.0,0.0,0.0,0.0,-1.028161802355324,3.3751502283927675,0.03042291015141546,50,15,0.0,0.0,0.0,0.0,0.0,0.0,1.0,1.0,0.0,0.0,1.0,1.0,1.0,1.0,1.0,1.0,1.0,0,2025-10-17T12:45:00,4384.99
0.0,0.0,0.0,0.0,0.0,0.0,-3.5297709923664153,3.3775071714974905,0.023969742717167262,50,15,0.0,0.0,0.0,0.0,0.0,0.0,1.0,1.0,0.0,0.0,1.0,1.0,1.0,1.0,1.0,1.0,1.0,0,2025-10-17T12:50:00,4381.93
0.0,0.0,0.0,0.0,0.0,0.0,-0.5729695431472059,3.38060855522384,0.027582819063635612,50,15,0.0,0.0,0.0,0.0,0.0,0.0,1.0,1.0,0.0,0.0,1.0,1.0,1.0,1.0,1.0,1.0,1.0,0,2025-10-17T12:55:00,4377.91
0.0,0.0,0.0,0.0,0.0,0.0,-2.0959147424512277,3.37502708003147,0.022793004271476708,50,15,0.0,0.0,0.0,0.0,0.0,0.0,1.0,1.0,0.0,0.0,1.0,1.0,1.0,1.0,1.0,1.0,1.0,0,2025-10-17T13:00:00,4385.15
0.0,0.0,0.0,0.0,0.0,0.0,-1.1733966745843563,3.3773607295099177,0.008163859384213651,50,15,0.0,0.0,0.0,0.0,0.0,0.0,1.0,1.0,0.0,0.0,1.0,1.0,1.0,1.0,1.0,1.0,1.0,0,2025-10-17T13:05:00,4382.12
0.0,0.0,0.0,0.0,0.0,0.0,-1.8971291866030644,3.384280474531003,0.008229448893149,50,15,0.0,0.0,0.0,0.0,0.0,0.0,1.0,1.0,0.0,0.0,1.0,1.0,1.0,1.0,1.0,1.0,1.0,0,2025-10-17T13:10:00,4373.16
0.0,0.0,0.0,0.0,0.0,0.0,-0.6824498198661949,3.377391558346721,0.026569603762689624,50,15,0.0,0.0,0.0,0.0,0.0,0.0,1.0,1.0,0.0,0.0,1.0,1.0,1.0,1.0,1.0,1.0,1.0,0,2025-10-17T13:15:00,4382.08
0.0,0.0,0.0,0.0,0.0,0.0,-1.1627680311890236,3.3795972798808918,0.010816986243549096,50,15,0.0,0.0,0.0,0.0,0.0,0.0,1.0,1.0,0.0,0.0,1.0,1.0,1.0,1.0,1.0,1.0,1.0,0,2025-10-17T13:20:00,4379.22
0.0,0.0,0.0,0.0,0.0,0.0,-1.5900000000000651,3.382115010192049,0.009385781744251774,50,15,0.0,0.0,0.0,0.0,0.0,0.0,1.0,1.0,0.0,0.0,1.0,1.0,1.0,1.0,1.0,1.0,1.0,0,2025-10-17T13:25:00,4375.96
0.0,0.0,0.0,0.0,0.0,0.0,-5.993355481727345,3.401391812757977,0.013483760878514248,50,15,0.0,0.0,0.0,0.0,0.0,0.0,1.0,1.0,0.0,0.0,1.0,1.0,1.0,1.0,1.0,1.0,1.0,0,2025-10-17T13:30:00,4351.16
0.0,0.0,0.0,0.0,0.0,0.0,-1.3484790142472232,3.4205065104405796,0.0479424559965146,50,15,0.0,0.0,0.0,0.0,0.0,0.0,1.0,1.0,0.0,0.0,1.0,1.0,1.0,1.0,1.0,1.0,1.0,0,2025-10-17T13:35:00,4356.08
0.0,0.0,0.0,0.0,0.0,0.0,-1.795598657217456,3.9049431320078334,0.045670921739804,50,15,0.0,0.0,0.0,0.0,0.0,0.0,1.0,1.0,0.0,0.0,1.0,1.0,1.0,1.0,1.0,1.0,1.0,0,2025-10-17T13:40:00,4346.03
0.0,0.0,0.0,0.0,0.0,0.0,-2.1808233454924295,3.902321249956887,0.05377721066714482,50,15,0.0,0.0,0.0,0.0,0.0,0.0,1.0,1.0,0.0,0.0,1.0,1.0,1.0,1.0,1.0,1.0,1.0,0,2025-10-17T13:45:00,4348.95
0.0,0.0,0.0,0.0,0.0,0.0,-7.794202898551477,3.912108379993869,0.05149962552736624,50,15,0.0,0.0,0.0,0.0,0.0,0.0,1.0,1.0,0.0,0.0,1.0,1.0,1.0,1.0,1.0,1.0,1.0,1,2025-10-17T13:50:00,4338.07
0.0,0.0,0.0,0.0,0.0,0.0,-3.4484472049690162,4.039871767789195,0.06375597022377034,50,15,0.0,0.0,0.0,0.0,0.0,0.0,1.0,1.0,0.0,0.0,1.0,1.0,1.0,1.0,1.0,1.0,1.0,1,2025-10-17T13:55:00,4307.81
0.0,0.0,0.0,0.0,0.0,0.0,-2.117175912192236,4.472147214258246,0.09847920160530477,50,15,0.0,0.0,0.0,0.0,0.0,0.0,1.0,1.0,0.0,0.0,1.0,1.0,1.0,1.0,1.0,1.0,1.0,1,2025-10-17T14:00:00,4318.06
0.0,0.0,0.0,0.0,0.0,0.0,-1.6741846997866965,4.8428283741669595,0.0866395075543935,50,15,0.0,0.0,0.0,0.0,0.0,0.0,1.0,1.0,0.0,0.0,1.0,1.0,1.0,1.0,1.0,1.0,1.0,0,2025-10-17T14:05:00,4335.07
0.0,0.0,0.0,0.0,0.0,0.0,-1.5042769857433949,4.83010429104863,0.05801777033636661,50,15,0.0,0.0,0.0,0.0,0.0,0.0,1.0,1.0,0.0,0.0,1.0,1.0,1.0,1.0,1.0,1.0,1.0,0,2025-10-17T14:10:00,4346.49
0.0,0.0,0.0,0.0,0.0,0.0,-2.7145122918318387,4.836836818387067,0.0336467855558491,50,15,0.0,0.0,0.0,0.0,0.0,0.0,1.0,1.0,0.0,0.0,1.0,1.0,1.0,1.0,1.0,1.0,1.0,0,2025-10-17T14:15:00,4340.44
0.0,0.0,0.0,0.0,0.0,0.0,-1.9207295685724384,4.854238730323144,0.04695211941224533,50,15,0.0,0.0,0.0,0.0,0.0,0.0,1.0,1.0,0.0,0.0,1.0,1.0,1.0,1.0,1.0,1.0,1.0,1,2025-10-17T14:20:00,4324.88
0.0,0.0,0.0,0.0,0.0,0.0,-3.836217552533957,4.856439628769434,0.07224923310007554,50,15,0.0,0.0,0.0,0.0,0.0,0.0,1.0,1.0,0.0,0.0,1.0,1.0,1.0,1.0,1.0,1.0,1.0,1,2025-10-17T14:25:00,4322.92
0.0,0.0,0.0,0.0,0.0,0.0,-4.59531090723742,4.840840702353081,0.07096163652149147,50,15,0.0,0.0,0.0,0.0,0.0,0.0,1.0,1.0,0.0,0.0,1.0,1.0,1.0,1.0,1.0,1.0,1.0,0,2025-10-17T14:30:00,4336.85
0.0,0.0,0.0,0.0,0.0,0.0,-2.3355302576393653,4.838520095968351,0.04917341054236735,50,15,0.0,0.0,0.0,0.0,0.0,0.0,1.0,1.0,0.0,0.0,1.0,1.0,1.0,1.0,1.0,1.0,1.0,0,2025-10-17T14:35:00,4338.93
0.0,0.0,0.0,0.0,0.0,0.0,-10.272108843538097,4.837494383446423,0.055353128335464144,50,15,0.0,0.0,0.0,0.0,0.0,0.0,1.0,1.0,0.0,0.0,1.0,1.0,1.0,1.0,1.0,1.0,1.0,0,2025-10-17T14:40:00,4339.85
0.0,0.0,0.0,0.0,0.0,0.0,-8.600461893764962,4.831894091436348,0.050600485049304415,50,15,0.0,0.0,0.0,0.0,0.0,0.0,1.0,1.0,0.0,0.0,1.0,1.0,1.0,1.0,1.0,1.0,1.0,0,2025-10-17T14:45:00,4344.88
0.0,0.0,0.0,0.0,0.0,0.0,-4.155749636098656,4.832194374178571,0.033738913074173975,50,15,0.0,0.0,0.0,0.0,0.0,0.0,1.0,1.0,0.0,0.0,1.0,1.0,1.0,1.0,1.0,1.0,1.0,0,2025-10-17T14:50:00,4344.61
0.0,0.0,0.0,0.0,0.0,0.0,-6.885036496349966,4.832483570614697,0.04480131884362648,50,15,0.0,0.0,0.0,0.0,0.0,0.0,1.0,1.0,0.0,0.0,1.0,1.0,1.0,1.0,1.0,1.0,1.0,0,2025-10-17T14:55:00,4344.35
0.0,0.0,0.0,0.0,0.0,0.0,-6.4204993429695465,4.848095770328555,0.041681246045556994,50,15,0.0,0.0,0.0,0.0,0.0,0.0,1.0,1.0,0.0,0.0,1.0,1.0,1.0,1.0,1.0,1.0,1.0,0,2025-10-17T15:00:00,4330.36
0.0,0.0,0.0,0.0,0.0,0.0,-2.6851635514017924,4.848510042748357,0.05471203448401178,50,15,0.0,0.0,0.0,0.0,0.0,0.0,1.0,1.0,0.0,0.0,1.0,1.0,1.0,1.0,1.0,1.0,1.0,0,2025-10-17T15:05:00,4329.99
0.0,0.0,0.0,0.0,0.0,0.0,-1.1934015927188852,4.836580527890846,0.02533369441915745,50,15,0.0,0.0,0.0,0.0,0.0,0.0,1.0,1.0,0.0,0.0,1.0,1.0,1.0,1.0,1.0,1.0,1.0,0,2025-10-17T15:10:00,4340.67
0.0,0.0,0.0,0.0,0.0,0.0,-1.804810360777048,4.841153261679152,0.01830324471149946,50,15,0.0,0.0,0.0,0.0,0.0,0.0,1.0,1.0,0.0,0.0,1.0,1.0,1.0,1.0,1.0,1.0,1.0,0,2025-10-17T15:15:00,4336.57
0.0,0.0,0.0,0.0,0.0,0.0,-0.8197278911564605,4.838665068682575,0.011131847234676855,50,15,0.0,0.0,0.0,0.0,0.0,0.0,1.0,1.0,0.0,0.0,1.0,1.0,1.0,1.0,1.0,1.0,1.0,0,2025-10-17T15:20:00,4338.8
0.0,0.0,0.0,0.0,0.0,0.0,-1.5142118863045972,4.8338855515312735,0.011961564388473815,50,15,0.0,0.0,0.0,0.0,0.0,0.0,1.0,1.0,0.0,0.0,1.0,1.0,1.0,1.0,1.0,1.0,1.0,0,2025-10-17T15:25:00,4343.09
0.0,0.0,0.0,0.0,0.0,0.0,-2.6407185628741643,4.854283626677509,0.006409519544553785,50,15,0.0,0.0,0.0,0.0,0.0,0.0,1.0,1.0,0.0,0.0,1.0,1.0,1.0,1.0,1.0,1.0,1.0,0,2025-10-17T15:30:00,4324.84
0.0,0.0,0.0,0.0,0.0,0.0,0.058823529411748204,4.87180022695153,0.021006229515092352,50,15,0.0,0.0,0.0,0.0,0.0,0.0,1.0,1.0,0.0,0.0,1.0,1.0,1.0,1.0,1.0,1.0,1.0,0,2025-10-17T15:35:00,4309.29
0.0,0.0,0.0,0.0,0.0,0.0,-0.23836126629422863,4.91378710171497,0.010440654762329839,50,15,0.0,0.0,0.0,0.0,0.0,0.0,1.0,1.0,0.0,0.0,1.0,1.0,1.0,1.0,1.0,1.0,1.0,0,2025-10-17T15:40:00,4309.1
0.0,0.0,0.0,0.0,0.0,0.0,-2.3979266347687656,4.918466898954699,0.031405706412262195,50,15,0.0,0.0,0.0,0.0,0.0,0.0,1.0,1.0,0.0,0.0,1.0,1.0,1.0,1.0,1.0,1.0,1.0,0,2025-10-17T15:45:00,4305.0
0.0,0.0,0.0,0.0,0.0,0.0,-4.680709534367885,4.9193010661505845,0.050278357166752205,50,15,0.0,0.0,0.0,0.0,0.0,0.0,1.0,1.0,0.0,0.0,1.0,1.0,1.0,1.0,1.0,1.0,1.0,0,2025-10-17T15:50:00,4304.27
0.0,0.0,0.0,0.0,0.0,0.0,-1.0366316729953222,5.500427337489482,0.043844896786419486,50,15,0.0,0.0,0.0,0.0,0.0,0.0,1.0,1.0,0.0,0.0,1.0,1.0,1.0,1.0,1.0,1.0,1.0,0,2025-10-17T15:55:00,4294.03
0.0,0.0,0.0,0.0,0.0,0.0,-5.409263477600651,5.552656078088403,0.03749828048471826,50,15,0.0,0.0,0.0,0.0,0.0,0.0,1.0,1.0,0.0,0.0,1.0,1.0,1.0,1.0,1.0,1.0,1.0,1,2025-10-17T16:00:00,4253.64
0.0,0.0,0.0,0.0,0.0,0.0,-1.6125999059708693,5.817615976231219,0.08461875750188574,50,15,0.0,0.0,0.0,0.0,0.0,0.0,1.0,1.0,0.0,0.0,1.0,1.0,1.0,1.0,1.0,1.0,1.0,1,2025-10-17T16:05:00,4254.32
0.0,0.0,0.0,0.0,0.0,0.0,-3.526844475233868,6.202789590628629,0.10073715686557351,50,15,0.0,0.0,0.0,0.0,0.0,0.0,1.0,1.0,0.0,0.0,1.0,1.0,1.0,1.0,1.0,1.0,1.0,1,2025-10-17T16:10:00,4235.03
0.0,0.0,0.0,0.0,0.0,0.0,-2.196211753278299,6.33166136674442,0.1271257116603288,50,15,0.0,0.0,0.0,0.0,0.0,0.0,1.0,1.0,0.0,0.0,1.0,1.0,1.0,1.0,1.0,1.0,1.0,1,2025-10-17T16:15:00,4248.49
0.0,0.0,0.0,0.0,0.0,0.0,-5.775499474237597,6.359338061465721,0.1115140279100863,50,15,0.0,0.0,0.0,0.0,0.0,0.0,1.0,1.0,0.0,0.0,1.0,1.0,1.0,1.0,1.0,1.0,1.0,1,2025-10-17T16:20:00,4230.0
0.0,0.0,0.0,0.0,0.0,0.0,-3.893187552565106,6.443571714131176,0.14052013715595396,50,15,0.0,0.0,0.0,0.0,0.0,0.0,1.0,1.0,0.0,0.0,1.0,1.0,1.0,1.0,1.0,1.0,1.0,1,2025-10-17T16:25:00,4252.3
0.0,0.0,0.0,0.0,0.0,0.0,-4.1545647558386145,6.451962314888726,0.11244640178866279,50,15,0.0,0.0,0.0,0.0,0.0,0.0,1.0,1.0,0.0,0.0,1.0,1.0,1.0,1.0,1.0,1.0,1.0,1,2025-10-17T16:30:00,4246.77
0.0,0.0,0.0,0.0,0.0,0.0,-5.432394366197359,6.4210573184821,0.11897602504427444,50,15,0.0,0.0,0.0,0.0,0.0,0.0,1.0,1.0,0.0,0.0,1.0,1.0,1.0,1.0,1.0,1.0,1.0,1,2025-10-17T16:35:00,4267.21
0.0,0.0,0.0,0.0,0.0,0.0,-2.28555678059537,6.419613089450514,0.07669526553255594,50,15,0.0,0.0,0.0,0.0,0.0,0.0,1.0,1.0,0.0,0.0,1.0,1.0,1.0,1.0,1.0,1.0,1.0,1,2025-10-17T16:40:00,4268.17
0.0,0.0,0.0,0.0,0.0,0.0,-6.114897760467269,6.421087413496939,0.07506150451203691,50,15,0.0,0.0,0.0,0.0,0.0,0.0,1.0,1.0,0.0,0.0,1.0,1.0,1.0,1.0,1.0,1.0,1.0,0,2025-10-17T16:45:00,4267.19
0.0,0.0,0.0,0.0,0.0,0.0,-4.14201877934278,6.416726579533452,0.08925163608033025,50,15,0.0,0.0,0.0,0.0,0.0,0.0,1.0,1.0,0.0,0.0,1.0,1.0,1.0,1.0,1.0,1.0,1.0,0,2025-10-17T16:50:00,4270.09
0.0,0.0,0.0,0.0,0.0,0.0,-7.6344195519351565,6.429510043176271,0.08070343194985287,50,15,0.0,0.0,0.0,0.0,0.0,0.0,1.0,1.0,0.0,0.0,1.0,1.0,1.0,1.0,1.0,1.0,1.0,0,2025-10-17T16:55:00,4261.6
0.0,0.0,0.0,0.0,0.0,0.0,-4.164231443600145,6.420545746388443,0.09387437818482722,50,15,0.0,0.0,0.0,0.0,0.0,0.0,1.0,1.0,0.0,0.0,1.0,1.0,1.0,1.0,1.0,1.0,1.0,0,2025-10-17T17:00:00,4267.55
0.0,0.0,0.0,0.0,0.0,0.0,-5.461697722567475,6.425966533378675,0.09172997516271218,50,15,0.0,0.0,0.0,0.0,0.0,0.0,1.0,1.0,0.0,0.0,1.0,1.0,1.0,1.0,1.0,1.0,1.0,0,2025-10-17T17:05:00,4263.95
0.0,0.0,0.0,0.0,0.0,0.0,-8.034364261168188,6.439937010835077,0.07405364900856701,50,15,0.0,0.0,0.0,0.0,0.0,0.0,1.0,1.0,0.0,0.0,1.0,1.0,1.0,1.0,1.0,1.0,1.0,0,2025-10-17T17:10:00,4254.7
0.0,0.0,0.0,0.0,0.0,0.0,-2.8253891050583477,6.44523899134362,0.06654755048355157,50,15,0.0,0.0,0.0,0.0,0.0,0.0,1.0,1.0,0.0,0.0,1.0,1.0,1.0,1.0,1.0,1.0,1.0,0,2025-10-17T17:15:00,4251.2
0.0,0.0,0.0,0.0,0.0,0.0,-5.775079197465713,6.440375986329479,0.07064507101653607,50,15,0.0,0.0,0.0,0.0,0.0,0.0,1.0,1.0,0.0,0.0,1.0,1.0,1.0,1.0,1.0,1.0,1.0,0,2025-10-17T17:20:00,4254.41
0.0,0.0,0.0,0.0,0.0,0.0,-4.0760073260074,6.431185145370603,0.061663198888919184,50,15,0.0,0.0,0.0,0.0,0.0,0.0,1.0,1.0,0.0,0.0,1.0,1.0,1.0,1.0,1.0,1.0,1.0,0,2025-10-17T17:25:00,4260.49
0.0,0.0,0.0,0.0,0.0,0.0,-4.388261851016084,6.423797120544662,0.05324911680742167,50,15,0.0,0.0,0.0,0.0,0.0,0.0,1.0,1.0,0.0,0.0,1.0,1.0,1.0,1.0,1.0,1.0,1.0,0,2025-10-17T17:30:00,4265.39
0.0,0.0,0.0,0.0,0.0,0.0,-1.9594383775351707,6.418500272903388,0.034674720139885075,50,15,0.0,0.0,0.0,0.0,0.0,0.0,1.0,1.0,0.0,0.0,1.0,1.0,1.0,1.0,1.0,1.0,1.0,0,2025-10-17T17:35:00,4268.91
0.0,0.0,0.0,0.0,0.0,0.0,1.0900343642611485,6.417613303665535,0.01917438158366533,50,15,0.0,0.0,0.0,0.0,0.0,0.0,1.0,1.0,0.0,0.0,1.0,1.0,1.0,1.0,1.0,1.0,1.0,0,2025-10-17T17:40:00,4269.5
0.0,0.0,0.0,0.0,0.0,0.0,0.9815078236132304,6.4300834033445815,0.01906041053391141,50,15,0.0,0.0,0.0,0.0,0.0,0.0,1.0,1.0,0.0,0.0,1.0,1.0,1.0,1.0,1.0,1.0,1.0,0,2025-10-17T17:45:00,4261.22
0.0,0.0,0.0,0.0,0.0,0.0,1.378035320088339,6.431924882629108,0.032717660400638324,50,15,0.0,0.0,0.0,0.0,0.0,0.0,1.0,1.0,0.0,0.0,1.0,1.0,1.0,1.0,1.0,1.0,1.0,0,2025-10-17T17:50:00,4260.0
0.0,0.0,0.0,0.0,0.0,0.0,0.6297814207651506,6.442359690578636,0.014483151249881763,50,15,0.0,0.0,0.0,0.0,0.0,0.0,1.0,1.0,0.0,0.0,1.0,1.0,1.0,1.0,1.0,1.0,1.0,0,2025-10-17T17:55:00,4253.1
0.0,0.0,0.0,0.0,0.0,0.0,3.130434782608542,6.433737202967972,0.02886428921425155,50,15,0.0,0.0,0.0,0.0,0.0,0.0,1.0,1.0,0.0,0.0,1.0,1.0,1.0,1.0,1.0,1.0,1.0,0,2025-10-17T18:00:00,4258.8
0.0,0.0,0.0,0.0,0.0,0.0,-0.6241134751772883,6.451582521391469,0.008171296063937242,50,15,0.0,0.0,0.0,0.0,0.0,0.0,1.0,1.0,0.0,0.0,1.0,1.0,1.0,1.0,1.0,1.0,1.0,0,2025-10-17T18:05:00,4247.02
0.0,0.0,0.0,0.0,0.0,0.0,0.03731976251056907,6.45129390823623,0.0004577976636649966,50,15,0.0,0.0,0.0,0.0,0.0,0.0,1.0,1.0,0.0,0.0,1.0,1.0,1.0,1.0,1.0,1.0,1.0,0,2025-10-17T18:10:00,4247.21
0.0,0.0,0.0,0.0,0.0,0.0,-1.628787878787816,6.453573136177458,0.024638688897468543,50,15,0.0,0.0,0.0,0.0,0.0,0.0,1.0,1.0,0.0,0.0,1.0,1.0,1.0,1.0,1.0,1.0,1.0,0,2025-10-17T18:15:00,4245.71
0.0,0.0,0.0,0.0,0.0,0.0,-1.8113964686998425,6.453740342943282,0.02768155403156332,50,15,0.0,0.0,0.0,0.0,0.0,0.0,1.0,1.0,0.0,0.0,1.0,1.0,1.0,1.0,1.0,1.0,1.0,0,2025-10-17T18:20:00,4245.6
0.0,0.0,0.0,0.0,0.0,0.0,-4.623611111110779,6.4715746711070175,0.026609458798623028,50,15,0.0,0.0,0.0,0.0,0.0,0.0,1.0,1.0,0.0,0.0,1.0,1.0,1.0,1.0,1.0,1.0,1.0,0,2025-10-17T18:25:00,4233.9
0.0,0.0,0.0,0.0,0.0,0.0,-3.4740686632578077,6.4890006702143035,0.044690502884598006,50,15,0.0,0.0,0.0,0.0,0.0,0.0,1.0,1.0,0.0,0.0,1.0,1.0,1.0,1.0,1.0,1.0,1.0,0,2025-10-17T18:30:00,4222.53
0.0,0.0,0.0,0.0,0.0,0.0,-1.737247353224235,6.7184948526801636,0.048360075560404475,50,15,0.0,0.0,0.0,0.0,0.0,0.0,1.0,1.0,0.0,0.0,1.0,1.0,1.0,1.0,1.0,1.0,1.0,0,2025-10-17T18:35:00,4225.5
0.0,0.0,0.0,0.0,0.0,0.0,-4.523550724637459,6.746000697077266,0.052006493686866155,50,15,0.0,0.0,0.0,0.0,0.0,0.0,1.0,1.0,0.0,0.0,1.0,1.0,1.0,1.0,1.0,1.0,1.0,1,2025-10-17T18:40:00,4217.61
0.0,0.0,0.0,0.0,0.0,0.0,-1.974893162393172,6.731046752054669,0.05739417417764124,50,15,0.0,0.0,0.0,0.0,0.0,0.0,1.0,1.0,0.0,0.0,1.0,1.0,1.0,1.0,1.0,1.0,1.0,1,2025-10-17T18:45:00,4226.98
0.0,0.0,0.0,0.0,0.0,0.0,-2.151769646070798,6.771071600420019,0.0342837142373504,50,15,0.0,0.0,0.0,0.0,0.0,0.0,1.0,1.0,0.0,0.0,1.0,1.0,1.0,1.0,1.0,1.0,1.0,1,2025-10-17T18:50:00,4218.83
0.0,0.0,0.0,0.0,0.0,0.0,-2.7066666666666697,6.78430627464019,0.04010198167506907,50,15,0.0,0.0,0.0,0.0,0.0,0.0,1.0,1.0,0.0,0.0,1.0,1.0,1.0,1.0,1.0,1.0,1.0,1,2025-10-17T18:55:00,4210.6
0.0,0.0,0.0,0.0,0.0,0.0,-5.412361623616279,6.935606114773556,0.05434334346778523,50,15,0.0,0.0,0.0,0.0,0.0,0.0,1.0,1.0,0.0,0.0,1.0,1.0,1.0,1.0,1.0,1.0,1.0,1,2025-10-17T19:00:00,4195.74
0.0,0.0,0.0,0.0,0.0,0.0,-2.720697167756021,7.299817772537245,0.08043962540230806,50,15,0.0,0.0,0.0,0.0,0.0,0.0,1.0,1.0,0.0,0.0,1.0,1.0,1.0,1.0,1.0,1.0,1.0,1,2025-10-17T19:05:00,4198.05
0.0,0.0,0.0,0.0,0.0,0.0,-4.395041322314021,5.589702317785671,0.08359512029420482,50,15,0.0,0.0,0.0,0.0,0.0,0.0,1.0,1.0,0.0,0.0,1.0,1.0,1.0,1.0,1.0,1.0,1.0,1,2025-10-17T19:10:00,4212.21
0.0,0.0,0.0,0.0,0.0,0.0,-3.3752161383284722,5.592171672188768,0.07018592200324009,50,15,0.0,0.0,0.0,0.0,0.0,0.0,1.0,1.0,0.0,0.0,1.0,1.0,1.0,1.0,1.0,1.0,1.0,1,2025-10-17T19:15:00,4210.35
0.0,0.0,0.0,0.0,0.0,0.0,-6.5802919708036365,5.585459065666206,0.07323740625768758,50,15,0.0,0.0,0.0,0.0,0.0,0.0,1.0,1.0,0.0,0.0,1.0,1.0,1.0,1.0,1.0,1.0,1.0,1,2025-10-17T19:20:00,4215.41
0.0,0.0,0.0,0.0,0.0,0.0,-3.3701380175658264,5.595959595959592,0.05670510370870679,50,15,0.0,0.0,0.0,0.0,0.0,0.0,1.0,1.0,0.0,0.0,1.0,1.0,1.0,1.0,1.0,1.0,1.0,1,2025-10-17T19:25:00,4207.5
0.0,0.0,0.0,0.0,0.0,0.0,-4.864689527340224,5.595946296027812,0.06507429092228835,50,15,0.0,0.0,0.0,0.0,0.0,0.0,1.0,1.0,0.0,0.0,1.0,1.0,1.0,1.0,1.0,1.0,1.0,1,2025-10-17T19:30:00,4207.51
0.0,0.0,0.0,0.0,0.0,0.0,-4.376486129458171,5.579423550404383,0.05653694872166633,50,15,0.0,0.0,0.0,0.0,0.0,0.0,1.0,1.0,0.0,0.0,1.0,1.0,1.0,1.0,1.0,1.0,1.0,1,2025-10-17T19:35:00,4219.97
0.0,0.0,0.0,0.0,0.0,0.0,-2.308943089430959,5.569406466141221,0.048004461675662094,50,15,0.0,0.0,0.0,0.0,0.0,0.0,1.0,1.0,0.0,0.0,1.0,1.0,1.0,1.0,1.0,1.0,1.0,1,2025-10-17T19:40:00,4227.56
0.0,0.0,0.0,0.0,0.0,0.0,-0.6607818411097024,5.564483728404977,0.0239801018511045,50,15,0.0,0.0,0.0,0.0,0.0,0.0,1.0,1.0,0.0,0.0,1.0,1.0,1.0,1.0,1.0,1.0,1.0,1,2025-10-17T19:45:00,4231.3
0.0,0.0,0.0,0.0,0.0,0.0,-2.934139784946471,5.572279889619391,0.019559397576614675,50,15,0.0,0.0,0.0,0.0,0.0,0.0,1.0,1.0,0.0,0.0,1.0,1.0,1.0,1.0,1.0,1.0,1.0,1,2025-10-17T19:50:00,4225.38
0.0,0.0,0.0,0.0,0.0,0.0,-2.431645569620437,5.570803265112973,0.02506426168185379,50,15,0.0,0.0,0.0,0.0,0.0,0.0,1.0,1.0,0.0,0.0,1.0,1.0,1.0,1.0,1.0,1.0,1.0,1,2025-10-17T19:55:00,4226.5
0.0,0.0,0.0,0.0,0.0,0.0,-1.113475177305022,5.556014394431003,0.023532822615909933,50,15,0.0,0.0,0.0,0.0,0.0,0.0,1.0,1.0,0.0,0.0,1.0,1.0,1.0,1.0,1.0,1.0,1.0,1,2025-10-17T20:00:00,4237.75
0.0,0.0,0.0,0.0,0.0,0.0,0.4980566352026793,5.5493097832363425,0.004980709583970199,50,15,0.0,0.0,0.0,0.0,0.0,0.0,1.0,1.0,0.0,0.0,1.0,1.0,1.0,1.0,1.0,1.0,1.0,1,2025-10-17T20:05:00,4242.87
0.0,0.0,0.0,0.0,0.0,0.0,0.9348619072433682,5.552450553830113,0.025473633832008288,50,15,0.0,0.0,0.0,0.0,0.0,0.0,1.0,1.0,0.0,0.0,1.0,1.0,1.0,1.0,1.0,1.0,1.0,0,2025-10-17T20:10:00,4240.47
0.0,0.0,0.0,0.0,0.0,0.0,1.6824167312161786,5.543626183715461,0.0187945568202849,50,15,0.0,0.0,0.0,0.0,0.0,0.0,1.0,1.0,0.0,0.0,1.0,1.0,1.0,1.0,1.0,1.0,1.0,0,2025-10-17T20:15:00,4247.22
0.0,0.0,0.0,0.0,0.0,0.0,2.6751795690344533,5.538527403302177,0.037000026971946015,50,15,0.0,0.0,0.0,0.0,0.0,0.0,1.0,1.0,0.0,0.0,1.0,1.0,1.0,1.0,1.0,1.0,1.0,0,2025-10-17T20:20:00,4251.13
0.0,0.0,0.0,0.0,0.0,0.0,2.7110904007455225,5.532098861155945,0.030152473336726812,50,15,0.0,0.0,0.0,0.0,0.0,0.0,1.0,1.0,0.0,0.0,1.0,1.0,1.0,1.0,1.0,1.0,1.0,0,2025-10-17T20:25:00,4256.07
0.0,0.0,0.0,0.0,0.0,0.0,5.9540034071553265,5.5350770373644105,0.04641633901315792,50,15,0.0,0.0,0.0,0.0,0.0,0.0,1.0,1.0,0.0,0.0,1.0,1.0,1.0,1.0,1.0,1.0,1.0,0,2025-10-17T20:30:00,4253.78
0.0,0.0,0.0,0.0,0.0,0.0,7.52166377816375,5.53479078514339,0.0538517219715921,50,15,0.0,0.0,0.0,0.0,0.0,0.0,1.0,1.0,0.0,0.0,1.0,1.0,1.0,1.0,1.0,1.0,1.0,0,2025-10-17T20:35:00,4254.0
0.0,0.0,0.0,0.0,0.0,0.0,11.372427983538334,5.538683748097506,0.0726986006340248,50,15,0.0,0.0,0.0,0.0,0.0,0.0,1.0,1.0,0.0,0.0,1.0,1.0,1.0,1.0,1.0,1.0,1.0,0,2025-10-17T20:40:00,4251.01
0.0,0.0,0.0,0.0,0.0,0.0,5.93229166666712,5.533490011750876,0.06610162004144832,50,15,0.0,0.0,0.0,0.0,0.0,0.0,1.0,1.0,0.0,0.0,1.0,1.0,1.0,1.0,1.0,1.0,1.0,0,2025-10-17T20:45:00,4255.0
0.0,0.0,0.0,0.0,0.0,0.0,9.213235294118341,5.540260718151438,0.05328901935266875,50,15,0.0,0.0,0.0,0.0,0.0,0.0,1.0,1.0,0.0,0.0,1.0,1.0,1.0,1.0,1.0,1.0,1.0,0,2025-10-17T20:50:00,4249.8
0.0,0.0,0.0,0.0,0.0,0.0,5.337270341207588,5.5386707190274285,0.04918102866294267,50,15,0.0,0.0,0.0,0.0,0.0,0.0,1.0,1.0,0.0,0.0,1.0,1.0,1.0,1.0,1.0,1.0,1.0,0,2025-10-17T20:55:00,4251.02
0.0,0.0,0.0,0.0,0.0,0.0,7.416856492027242,5.5426474292426695,0.04436667080729645,50,15,0.0,0.0,0.0,0.0,0.0,0.0,1.0,1.0,0.0,0.0,1.0,1.0,1.0,1.0,1.0,1.0,1.0,0,2025-10-17T21:00:00,4247.97
0.0,0.0,0.0,0.0,0.0,0.0,6.807692307692195,5.544644455120049,0.0504665323303339,50,15,0.0,0.0,0.0,0.0,0.0,0.0,1.0,1.0,0.0,0.0,1.0,1.0,1.0,1.0,1.0,1.0,1.0,0,2025-10-17T21:05:00,4246.44
0.0,0.0,0.0,0.0,0.0,0.0,5.627306273062882,5.555673535456495,0.04855838104942596,50,15,0.0,0.0,0.0,0.0,0.0,0.0,1.0,1.0,0.0,0.0,1.0,1.0,1.0,1.0,1.0,1.0,1.0,1,2025-10-17T21:10:00,4238.01
0.0,0.0,0.0,0.0,0.0,0.0,0.9766355140186326,4.590701293418435,0.022523834971889013,50,15,0.0,0.0,0.0,0.0,0.0,0.0,1.0,1.0,0.0,0.0,1.0,1.0,1.0,1.0,1.0,1.0,1.0,1,2025-10-17T21:15:00,4228.33
0.0,0.0,0.0,0.0,0.0,0.0,0.7129060579455498,4.582735239678154,0.0010360356691449621,50,15,0.0,0.0,0.0,0.0,0.0,0.0,1.0,1.0,0.0,0.0,1.0,1.0,1.0,1.0,1.0,1.0,1.0,1,2025-10-17T21:20:00,4235.68
0.0,0.0,0.0,0.0,0.0,0.0,-0.08867521367520245,4.588379068992326,0.0055286875563238976,50,15,0.0,0.0,0.0,0.0,0.0,0.0,1.0,1.0,0.0,0.0,1.0,1.0,1.0,1.0,1.0,1.0,1.0,1,2025-10-17T21:25:00,4230.47
0.0,0.0,0.0,0.0,0.0,0.0,1.37794533459007,4.53702830188679,0.006418531684693886,50,15,0.0,0.0,0.0,0.0,0.0,0.0,1.0,1.0,0.0,0.0,1.0,1.0,1.0,1.0,1.0,1.0,1.0,1,2025-10-17T21:30:00,4240.0
0.0,0.0,0.0,0.0,0.0,0.0,0.8632930513595671,4.539244395259003,0.016879794131918688,50,15,0.0,0.0,0.0,0.0,0.0,0.0,1.0,1.0,0.0,0.0,1.0,1.0,1.0,1.0,1.0,1.0,1.0,1,2025-10-17T21:35:00,4237.93
0.0,0.0,0.0,0.0,0.0,0.0,-0.45585874799358417,4.542481422273434,0.00030092870499094936,50,15,0.0,0.0,0.0,0.0,0.0,0.0,1.0,1.0,0.0,0.0,1.0,1.0,1.0,1.0,1.0,1.0,1.0,1,2025-10-17T21:40:00,4234.91
0.0,0.0,0.0,0.0,0.0,0.0,-1.6181474480151046,4.414886959150359,0.00980854687922323,50,15,0.0,0.0,0.0,0.0,0.0,0.0,1.0,1.0,0.0,0.0,1.0,1.0,1.0,1.0,1.0,1.0,1.0,1,2025-10-17T21:45:00,4234.31
0.0,0.0,0.0,0.0,0.0,0.0,-2.6369863013699324,4.333096293916273,0.007577097745858392,50,15,0.0,0.0,0.0,0.0,0.0,0.0,1.0,1.0,0.0,0.0,1.0,1.0,1.0,1.0,1.0,1.0,1.0,1,2025-10-17T21:50:00,4232.77
0.0,0.0,0.0,0.0,0.0,0.0,-1.1922196796339353,3.9978285498489448,0.017869204597740516,50,15,0.0,0.0,0.0,0.0,0.0,0.0,1.0,1.0,0.0,0.0,1.0,1.0,1.0,1.0,1.0,1.0,1.0,1,2025-10-17T21:55:00,4236.8
0.0,0.0,0.0,0.0,0.0,0.0,-1.8866995073891555,4.002381863808433,0.01770345187175815,50,15,0.0,0.0,0.0,0.0,0.0,0.0,1.0,1.0,0.0,0.0,1.0,1.0,1.0,1.0,1.0,1.0,1.0,1,2025-10-17T22:00:00,4231.98
0.0,0.0,0.0,0.0,0.0,0.0,-1.4293361884367837,3.779650790059199,0.029807109932770023,50,15,0.0,0.0,0.0,0.0,0.0,0.0,1.0,1.0,0.0,0.0,1.0,1.0,1.0,1.0,1.0,1.0,1.0,1,2025-10-17T22:05:00,4242.72
0.0,0.0,0.0,0.0,0.0,0.0,-0.8711999999999687,3.689937754690776,0.013618298158959518,50,15,0.0,0.0,0.0,0.0,0.0,0.0,1.0,1.0,0.0,0.0,1.0,1.0,1.0,1.0,1.0,1.0,1.0,1,2025-10-17T22:10:00,4242.89
0.0,0.0,0.0,0.0,0.0,0.0,-2.3357843137255947,3.6546376815008674,0.013679614324438967,50,15,0.0,0.0,0.0,0.0,0.0,0.0,1.0,1.0,0.0,0.0,1.0,1.0,1.0,1.0,1.0,1.0,1.0,1,2025-10-17T22:15:00,4244.47
0.0,0.0,0.0,0.0,0.0,0.0,-0.8076225045371721,3.6528390038054304,0.00802037444219831,50,15,0.0,0.0,0.0,0.0,0.0,0.0,1.0,1.0,0.0,0.0,1.0,1.0,1.0,1.0,1.0,1.0,1.0,1,2025-10-17T22:20:00,4246.56
0.0,0.0,0.0,0.0,0.0,0.0,-0.008316008316000439,3.645627690977116,0.010368769502992809,50,15,0.0,0.0,0.0,0.0,0.0,0.0,1.0,1.0,0.0,0.0,1.0,1.0,1.0,1.0,1.0,1.0,1.0,1,2025-10-17T22:25:00,4254.96
0.0,0.0,0.0,0.0,0.0,0.0,0.3094983991461833,3.647565076304463,0.006474195336926454,50,15,0.0,0.0,0.0,0.0,0.0,0.0,1.0,1.0,0.0,0.0,1.0,1.0,1.0,1.0,1.0,1.0,1.0,1,2025-10-17T22:30:00,4252.7
0.0,0.0,0.0,0.0,0.0,0.0,1.0398009950246654,3.6454220718180084,0.0021677892240879863,50,15,0.0,0.0,0.0,0.0,0.0,0.0,1.0,1.0,0.0,0.0,1.0,1.0,1.0,1.0,1.0,1.0,1.0,1,2025-10-17T22:35:00,4255.2
0.0,0.0,0.0,0.0,0.0,0.0,1.0263157894736012,3.6445998270741677,0.009037982349412875,50,15,0.0,0.0,0.0,0.0,0.0,0.0,1.0,1.0,0.0,0.0,1.0,1.0,1.0,1.0,1.0,1.0,1.0,1,2025-10-17T22:40:00,4256.16
0.0,0.0,0.0,0.0,0.0,0.0,3.9851190476197926,3.6414598704643115,0.012121026307782773,50,15,0.0,0.0,0.0,0.0,0.0,0.0,1.0,1.0,0.0,0.0,1.0,1.0,1.0,1.0,1.0,1.0,1.0,1,2025-10-17T22:45:00,4259.83
0.0,0.0,0.0,0.0,0.0,0.0,3.18225039619641,3.6429478944785076,0.027107720601499227,50,15,0.0,0.0,0.0,0.0,0.0,0.0,1.0,1.0,0.0,0.0,1.0,1.0,1.0,1.0,1.0,1.0,1.0,1,2025-10-17T22:50:00,4258.09
0.0,0.0,0.0,0.0,0.0,0.0,8.236144578312674,3.6391703479874504,0.036979425221107594,50,15,0.0,0.0,0.0,0.0,0.0,0.0,1.0,1.0,0.0,0.0,1.0,1.0,1.0,1.0,1.0,1.0,1.0,1,2025-10-17T22:55:00,4262.51
0.0,0.0,0.0,0.0,0.0,0.0,6.453159041394414,3.6367899092678093,0.03329389453076917,50,15,0.0,0.0,0.0,0.0,0.0,0.0,1.0,1.0,0.0,0.0,1.0,1.0,1.0,1.0,1.0,1.0,1.0,1,2025-10-17T23:00:00,4265.3
0.0,0.0,0.0,0.0,0.0,0.0,9.828042328043463,3.6348128465046066,0.04321268789254385,50,15,0.0,0.0,0.0,0.0,0.0,0.0,1.0,1.0,0.0,0.0,1.0,1.0,1.0,1.0,1.0,1.0,1.0,0,2025-10-17T23:05:00,4267.62
0.0,0.0,0.0,0.0,0.0,0.0,3.93494897959192,3.63206387487268,0.034219106016320625,50,15,0.0,0.0,0.0,0.0,0.0,0.0,1.0,1.0,0.0,0.0,1.0,1.0,1.0,1.0,1.0,1.0,1.0,0,2025-10-17T23:10:00,4270.85
0.0,0.0,0.0,0.0,0.0,0.0,3.544388609715197,3.6160306544355767,0.04077210436256144,50,15,0.0,0.0,0.0,0.0,0.0,0.0,1.0,1.0,0.0,0.0,1.0,1.0,1.0,1.0,1.0,1.0,1.0,1,2025-10-17T23:15:00,4259.09
0.0,0.0,0.0,0.0,0.0,0.0,1.6745040411461687,3.565540080325046,0.03003032448613146,50,15,0.0,0.0,0.0,0.0,0.0,0.0,1.0,1.0,0.0,0.0,1.0,1.0,1.0,1.0,1.0,1.0,1.0,1,2025-10-17T23:20:00,4257.7
0.0,0.0,0.0,0.0,0.0,0.0,2.6820809248556507,3.5656991997669873,0.029058317753659347,50,15,0.0,0.0,0.0,0.0,0.0,0.0,1.0,1.0,0.0,0.0,1.0,1.0,1.0,1.0,1.0,1.0,1.0,1,2025-10-17T23:25:00,4257.51
0.0,0.0,0.0,0.0,0.0,0.0,7.014409221901724,3.5660342344924025,0.030737636635423005,50,15,0.0,0.0,0.0,0.0,0.0,0.0,1.0,1.0,0.0,0.0,1.0,1.0,1.0,1.0,1.0,1.0,1.0,0,2025-10-17T23:30:00,4257.11
0.0,0.0,0.0,0.0,0.0,0.0,5.635814889336019,3.559595855383932,0.025232127008718765,50,15,0.0,0.0,0.0,0.0,0.0,0.0,1.0,1.0,0.0,0.0,1.0,1.0,1.0,1.0,1.0,1.0,1.0,0,2025-10-17T23:35:00,4264.81
0.0,0.0,0.0,0.0,0.0,0.0,2.918429003021174,3.5628121362321985,0.040739442007041916,50,15,0.0,0.0,0.0,0.0,0.0,0.0,1.0,1.0,0.0,0.0,1.0,1.0,1.0,1.0,1.0,1.0,1.0,1,2025-10-17T23:40:00,4260.96
0.0,0.0,0.0,0.0,0.0,0.0,5.695852534562157,3.5574020958701116,0.02263125380543672,50,15,0.0,0.0,0.0,0.0,0.0,0.0,1.0,1.0,0.0,0.0,1.0,1.0,1.0,1.0,1.0,1.0,1.0,1,2025-10-17T23:45:00,4267.44
0.0,0.0,0.0,0.0,0.0,0.0,3.1175595238094798,3.5604056437389646,0.03042449282359369,50,15,0.0,0.0,0.0,0.0,0.0,0.0,1.0,1.0,0.0,0.0,1.0,1.0,1.0,1.0,1.0,1.0,1.0,1,2025-10-17T23:50:00,4263.84
0.0,0.0,0.0,0.0,0.0,0.0,2.6739690721649487,3.1015985107450486,0.024024572894088287,50,15,0.0,0.0,0.0,0.0,0.0,0.0,1.0,1.0,0.0,0.0,1.0,1.0,1.0,1.0,1.0,1.0,1.0,0,2025-10-17T23:55:00,4265.22
0.0,0.0,0.0,0.0,0.0,0.0,4.788732394366112,2.8713650936498003,0.02313639661607707,50,15,0.0,0.0,0.0,0.0,0.0,0.0,1.0,1.0,0.0,0.0,1.0,1.0,1.0,1.0,1.0,1.0,1.0,0,2025-10-18T00:00:00,4266.96
0.0,0.0,0.0,0.0,0.0,0.0,2.2376237623763697,2.7544559099437107,0.014872602711417585,50,15,0.0,0.0,0.0,0.0,0.0,0.0,1.0,1.0,0.0,0.0,1.0,1.0,1.0,1.0,1.0,1.0,1.0,1,2025-10-18T00:05:00,4264.0
0.0,0.0,0.0,0.0,0.0,0.0,1.702875399360999,2.69787210087817,0.014017037030666278,50,15,0.0,0.0,0.0,0.0,0.0,0.0,1.0,1.0,0.0,0.0,1.0,1.0,1.0,1.0,1.0,1.0,1.0,1,2025-10-18T00:10:00,4263.36
0.0,0.0,0.0,0.0,0.0,0.0,1.9538461538462415,2.657776923094961,0.010133059990738946,50,15,0.0,0.0,0.0,0.0,0.0,0.0,1.0,1.0,0.0,0.0,1.0,1.0,1.0,1.0,1.0,1.0,1.0,1,2025-10-18T00:15:00,4264.09
0.0,0.0,0.0,0.0,0.0,0.0,0.9387308533917816,2.381908014411613,0.00984685016717244,50,15,0.0,0.0,0.0,0.0,0.0,0.0,1.0,1.0,0.0,0.0,1.0,1.0,1.0,1.0,1.0,1.0,1.0,1,2025-10-18T00:20:00,4260.45
0.0,0.0,0.0,0.0,0.0,0.0,0.22790697674429797,2.05101846831939,0.000815691575630122,50,15,0.0,0.0,0.0,0.0,0.0,0.0,1.0,1.0,0.0,0.0,1.0,1.0,1.0,1.0,1.0,1.0,1.0,1,2025-10-18T00:25:00,4260.81
0.0,0.0,0.0,0.0,0.0,0.0,-0.5075528700906945,2.053138677899907,0.003410244843777836,50,15,0.0,0.0,0.0,0.0,0.0,0.0,1.0,1.0,0.0,0.0,1.0,1.0,1.0,1.0,1.0,1.0,1.0,0,2025-10-18T00:30:00,4256.41
0.0,0.0,0.0,0.0,0.0,0.0,-0.2194787379973141,2.0509703326284625,0.007488131935738744,50,15,0.0,0.0,0.0,0.0,0.0,0.0,1.0,1.0,0.0,0.0,1.0,1.0,1.0,1.0,1.0,1.0,1.0,0,2025-10-18T00:35:00,4260.91
0.0,0.0,0.0,0.0,0.0,0.0,0.3588110403396317,2.048047921368445,0.005368736881040828,50,15,0.0,0.0,0.0,0.0,0.0,0.0,1.0,1.0,0.0,0.0,1.0,1.0,1.0,1.0,1.0,1.0,1.0,0,2025-10-18T00:40:00,4266.99
0.0,0.0,0.0,0.0,0.0,0.0,0.5393103448275823,2.0458711515545818,0.0007213631518174725,50,15,0.0,0.0,0.0,0.0,0.0,0.0,1.0,1.0,0.0,0.0,1.0,1.0,1.0,1.0,1.0,1.0,1.0,0,2025-10-18T00:45:00,4271.53
0.0,0.0,0.0,0.0,0.0,0.0,-0.6864111498259249,2.0480863200770445,0.0008950564876976978,50,15,0.0,0.0,0.0,0.0,0.0,0.0,1.0,1.0,0.0,0.0,1.0,1.0,1.0,1.0,1.0,1.0,1.0,0,2025-10-18T00:50:00,4266.91
0.0,0.0,0.0,0.0,0.0,0.0,0.5900497512438122,2.0489939085865814,0.009694901550186411,50,15,0.0,0.0,0.0,0.0,0.0,0.0,1.0,1.0,0.0,0.0,1.0,1.0,1.0,1.0,1.0,1.0,1.0,0,2025-10-18T00:55:00,4265.02
0.0,0.0,0.0,0.0,0.0,0.0,2.2456747404849757,2.0493927334382245,0.009081308429145398,50,15,0.0,0.0,0.0,0.0,0.0,0.0,1.0,1.0,0.0,0.0,1.0,1.0,1.0,1.0,1.0,1.0,1.0,0,2025-10-18T01:00:00,4264.19
0.0,0.0,0.0,0.0,0.0,0.0,1.747596153845811,2.049109215481207,0.008291933041796266,50,15,0.0,0.0,0.0,0.0,0.0,0.0,1.0,1.0,0.0,0.0,1.0,1.0,1.0,1.0,1.0,1.0,1.0,0,2025-10-18T01:05:00,4264.78
0.0,0.0,0.0,0.0,0.0,0.0,3.0278884462151527,2.045497634768999,0.009514634060577322,50,15,0.0,0.0,0.0,0.0,0.0,0.0,1.0,1.0,0.0,0.0,1.0,1.0,1.0,1.0,1.0,1.0,1.0,0,2025-10-18T01:10:00,4272.31
0.0,0.0,0.0,0.0,0.0,0.0,0.7197875166001128,2.0464939827596975,0.009287716664780442,50,15,0.0,0.0,0.0,0.0,0.0,0.0,1.0,1.0,0.0,0.0,1.0,1.0,1.0,1.0,1.0,1.0,1.0,0,2025-10-18T01:15:00,4270.23
0.0,0.0,0.0,0.0,0.0,0.0,0.7029972752043677,2.0497051745732286,0.011476561531474054,50,15,0.0,0.0,0.0,0.0,0.0,0.0,1.0,1.0,0.0,0.0,1.0,1.0,1.0,1.0,1.0,1.0,1.0,0,2025-10-18T01:20:00,4263.54
0.0,0.0,0.0,0.0,0.0,0.0,-0.7496561210453445,2.050450611099496,0.004773145797405541,50,15,0.0,0.0,0.0,0.0,0.0,0.0,1.0,1.0,0.0,0.0,1.0,1.0,1.0,1.0,1.0,1.0,1.0,0,2025-10-18T01:25:00,4261.99
0.0,0.0,0.0,0.0,0.0,0.0,-3.470338983051866,2.0535053399598047,0.0022465698197499935,50,15,0.0,0.0,0.0,0.0,0.0,0.0,1.0,1.0,0.0,0.0,1.0,1.0,1.0,1.0,1.0,1.0,1.0,0,2025-10-18T01:30:00,4255.65
0.0,0.0,0.0,0.0,0.0,0.0,-1.1012931034483595,2.053819036427718,0.011779306311326353,50,15,0.0,0.0,0.0,0.0,0.0,0.0,1.0,1.0,0.0,0.0,1.0,1.0,1.0,1.0,1.0,1.0,1.0,0,2025-10-18T01:35:00,4255.0
0.0,0.0,0.0,0.0,0.0,0.0,-8.61341853035175,2.0610849056603637,0.014730300760988779,50,15,0.0,0.0,0.0,0.0,0.0,0.0,1.0,1.0,0.0,0.0,1.0,1.0,1.0,1.0,1.0,1.0,1.0,1,2025-10-18T01:40:00,4240.0
0.0,0.0,0.0,0.0,0.0,0.0,-0.34605964558421787,2.1684064547474184,0.029633259112900764,50,15,0.0,0.0,0.0,0.0,0.0,0.0,1.0,1.0,0.0,0.0,1.0,1.0,1.0,1.0,1.0,1.0,1.0,1,2025-10-18T01:45:00,4239.98
0.0,0.0,0.0,0.0,0.0,0.0,-3.3044654939106515,2.1689384610303426,0.028868117915541325,50,15,0.0,0.0,0.0,0.0,0.0,0.0,1.0,1.0,0.0,0.0,1.0,1.0,1.0,1.0,1.0,1.0,1.0,1,2025-10-18T01:50:00,4238.94
0.0,0.0,0.0,0.0,0.0,0.0,-13.824175824172704,2.168943577742487,0.031060279106951822,50,15,0.0,0.0,0.0,0.0,0.0,0.0,1.0,1.0,0.0,0.0,1.0,1.0,1.0,1.0,1.0,1.0,1.0,1,2025-10-18T01:55:00,4238.93
0.0,0.0,0.0,0.0,0.0,0.0,-5.185567010309977,2.151289878832418,0.026579850483221812,50,15,0.0,0.0,0.0,0.0,0.0,0.0,1.0,1.0,0.0,0.0,1.0,1.0,1.0,1.0,1.0,1.0,1.0,0,2025-10-18T02:00:00,4245.36
0.0,0.0,0.0,0.0,0.0,0.0,-1.775631500743223,2.149517752997273,0.019040934071640227,50,15,0.0,0.0,0.0,0.0,0.0,0.0,1.0,1.0,0.0,0.0,1.0,1.0,1.0,1.0,1.0,1.0,1.0,0,2025-10-18T02:05:00,4248.86
0.0,0.0,0.0,0.0,0.0,0.0,-1.202072538859974,2.006847945028174,0.009266739375406853,50,15,0.0,0.0,0.0,0.0,0.0,0.0,1.0,1.0,0.0,0.0,1.0,1.0,1.0,1.0,1.0,1.0,1.0,0,2025-10-18T02:10:00,4249.45
0.0,0.0,0.0,0.0,0.0,0.0,-0.9447799827437349,2.0066071210081917,0.014100256231080775,50,15,0.0,0.0,0.0,0.0,0.0,0.0,1.0,1.0,0.0,0.0,1.0,1.0,1.0,1.0,1.0,1.0,1.0,0,2025-10-18T02:15:00,4249.96
0.0,0.0,0.0,0.0,0.0,0.0,-14.158333333337874,2.0065882352941116,0.020978728351392133,50,15,0.0,0.0,0.0,0.0,0.0,0.0,1.0,1.0,0.0,0.0,1.0,1.0,1.0,1.0,1.0,1.0,1.0,0,2025-10-18T02:20:00,4250.0
0.0,0.0,0.0,0.0,0.0,0.0,-5.109589041095463,2.0087529620155307,0.026529096861054625,50,15,0.0,0.0,0.0,0.0,0.0,0.0,1.0,1.0,0.0,0.0,1.0,1.0,1.0,1.0,1.0,1.0,1.0,0,2025-10-18T02:25:00,4245.42
0.0,0.0,0.0,0.0,0.0,0.0,-2.736774193548469,2.008620486609976,0.026508398917099017,50,15,0.0,0.0,0.0,0.0,0.0,0.0,1.0,1.0,0.0,0.0,1.0,1.0,1.0,1.0,1.0,1.0,1.0,0,2025-10-18T02:30:00,4245.7
0.0,0.0,0.0,0.0,0.0,0.0,-7.047619047618437,2.009283038428003,0.02382999409690282,50,15,0.0,0.0,0.0,0.0,0.0,0.0,1.0,1.0,0.0,0.0,1.0,1.0,1.0,1.0,1.0,1.0,1.0,0,2025-10-18T02:35:00,4244.3
0.0,0.0,0.0,0.0,0.0,0.0,-7.6254826254828405,2.0092167635777574,0.02454125216828229,50,15,0.0,0.0,0.0,0.0,0.0,0.0,1.0,1.0,0.0,0.0,1.0,1.0,1.0,1.0,1.0,1.0,1.0,1,2025-10-18T02:40:00,4244.44
0.0,0.0,0.0,0.0,0.0,0.0,-5.571428571427793,2.0095576522484926,0.02509586347791681,50,15,0.0,0.0,0.0,0.0,0.0,0.0,1.0,1.0,0.0,0.0,1.0,1.0,1.0,1.0,1.0,1.0,1.0,1,2025-10-18T02:45:00,4243.72
0.0,0.0,0.0,0.0,0.0,0.0,-12.008620689653354,2.00921202982718,0.035281432807170374,50,15,0.0,0.0,0.0,0.0,0.0,0.0,1.0,1.0,0.0,0.0,1.0,1.0,1.0,1.0,1.0,1.0,1.0,0,2025-10-18T02:50:00,4244.45
0.0,0.0,0.0,0.0,0.0,0.0,-10.924603174602128,2.0100407759209875,0.03181366993410932,50,15,0.0,0.0,0.0,0.0,0.0,0.0,1.0,1.0,0.0,0.0,1.0,1.0,1.0,1.0,1.0,1.0,1.0,0,2025-10-18T02:55:00,4242.7
0.0,0.0,0.0,0.0,0.0,0.0,-8.224334600760839,2.0104151196041347,0.025738105625875394,50,15,0.0,0.0,0.0,0.0,0.0,0.0,1.0,1.0,0.0,0.0,1.0,1.0,1.0,1.0,1.0,1.0,1.0,0,2025-10-18T03:00:00,4241.91
0.0,0.0,0.0,0.0,0.0,0.0,-4.164009111617151,2.009562387627801,0.024804708364302284,50,15,0.0,0.0,0.0,0.0,0.0,0.0,1.0,1.0,0.0,0.0,1.0,1.0,1.0,1.0,1.0,1.0,1.0,0,2025-10-18T03:05:00,4243.71
0.0,0.0,0.0,0.0,0.0,0.0,-5.337164750956874,2.010505172430046,0.014742049606338178,50,15,0.0,0.0,0.0,0.0,0.0,0.0,1.0,1.0,0.0,0.0,1.0,1.0,1.0,1.0,1.0,1.0,1.0,0,2025-10-18T03:10:00,4241.72
0.0,0.0,0.0,0.0,0.0,0.0,-2.762993762993651,2.0105099122759396,0.016406213737311458,50,15,0.0,0.0,0.0,0.0,0.0,0.0,1.0,1.0,0.0,0.0,1.0,1.0,1.0,1.0,1.0,1.0,1.0,1,2025-10-18T03:15:00,4241.71
0.0,0.0,0.0,0.0,0.0,0.0,0.7935779816511495,2.0105004326065012,0.002135401318592436,50,15,0.0,0.0,0.0,0.0,0.0,0.0,1.0,1.0,0.0,0.0,1.0,1.0,1.0,1.0,1.0,1.0,1.0,1,2025-10-18T03:20:00,4241.73
0.0,0.0,0.0,0.0,0.0,0.0,1.000000000000118,2.010453035600195,0.0021850437431380726,50,15,0.0,0.0,0.0,0.0,0.0,0.0,1.0,1.0,0.0,0.0,1.0,1.0,1.0,1.0,1.0,1.0,1.0,1,2025-10-18T03:25:00,4241.83
0.0,0.0,0.0,0.0,0.0,0.0,23.611111111101565,2.009808658108634,0.003600093545072285,50,15,0.0,0.0,0.0,0.0,0.0,0.0,1.0,1.0,0.0,0.0,1.0,1.0,1.0,1.0,1.0,1.0,1.0,1,2025-10-18T03:30:00,4243.19
0.0,0.0,0.0,0.0,0.0,0.0,0.9329388560156194,2.0095860648591017,0.0052999641666289345,50,15,0.0,0.0,0.0,0.0,0.0,0.0,1.0,1.0,0.0,0.0,1.0,1.0,1.0,1.0,1.0,1.0,1.0,1,2025-10-18T03:35:00,4243.66
0.0,0.0,0.0,0.0,0.0,0.0,-0.3197969543147703,2.009079493866506,0.002100701694021969,50,15,0.0,0.0,0.0,0.0,0.0,0.0,1.0,1.0,0.0,0.0,1.0,1.0,1.0,1.0,1.0,1.0,1.0,0,2025-10-18T03:40:00,4244.73
0.0,0.0,0.0,0.0,0.0,0.0,-3.2137931034490625,2.009330380283675,0.0051127472419181235,50,15,0.0,0.0,0.0,0.0,0.0,0.0,1.0,1.0,0.0,0.0,1.0,1.0,1.0,1.0,1.0,1.0,1.0,1,2025-10-18T03:45:00,4244.2
0.0,0.0,0.0,0.0,0.0,0.0,-8.430107526881217,2.010557311964083,0.006500755065107196,50,15,0.0,0.0,0.0,0.0,0.0,0.0,1.0,1.0,0.0,0.0,1.0,1.0,1.0,1.0,1.0,1.0,1.0,1,2025-10-18T03:50:00,4241.61
0.0,0.0,0.0,0.0,0.0,0.0,-3.6384615384613492,2.0110835986322306,0.010344229278163778,50,15,0.0,0.0,0.0,0.0,0.0,0.0,1.0,1.0,0.0,0.0,1.0,1.0,1.0,1.0,1.0,1.0,1.0,1,2025-10-18T03:55:00,4240.5
0.0,0.0,0.0,0.0,0.0,0.0,-7.394366197183857,2.011557966741355,0.011771097366639964,50,15,0.0,0.0,0.0,0.0,0.0,0.0,1.0,1.0,0.0,0.0,1.0,1.0,1.0,1.0,1.0,1.0,1.0,1,2025-10-18T04:00:00,4239.5
0.0,0.0,0.0,0.0,0.0,0.0,-2.2330097087378435,2.0109318480859772,0.0073404352017498965,50,15,0.0,0.0,0.0,0.0,0.0,0.0,1.0,1.0,0.0,0.0,1.0,1.0,1.0,1.0,1.0,1.0,1.0,1,2025-10-18T04:05:00,4240.82
0.0,0.0,0.0,0.0,0.0,0.0,-3.5298507462685227,2.010860722900651,0.0060488349704781895,50,15,0.0,0.0,0.0,0.0,0.0,0.0,1.0,1.0,0.0,0.0,1.0,1.0,1.0,1.0,1.0,1.0,1.0,1,2025-10-18T04:10:00,4240.97
0.0,0.0,0.0,0.0,0.0,0.0,0.032019704433522984,2.009221497350639,0.004127172299853103,50,15,0.0,0.0,0.0,0.0,0.0,0.0,1.0,1.0,0.0,0.0,1.0,1.0,1.0,1.0,1.0,1.0,1.0,0,2025-10-18T04:15:00,4244.43
0.0,0.0,0.0,0.0,0.0,0.0,0.9567567567568505,2.0075424083917475,6.826642293118466e-06,50,15,0.0,0.0,0.0,0.0,0.0,0.0,1.0,1.0,0.0,0.0,1.0,1.0,1.0,1.0,1.0,1.0,1.0,0,2025-10-18T04:20:00,4247.98
0.0,0.0,0.0,0.0,0.0,0.0,1.5285359801490268,2.006644893502869,0.00528803633870323,50,15,0.0,0.0,0.0,0.0,0.0,0.0,1.0,1.0,0.0,0.0,1.0,1.0,1.0,1.0,1.0,1.0,1.0,0,2025-10-18T04:25:00,4249.88
0.0,0.0,0.0,0.0,0.0,0.0,2.44852941176462,2.0060642985008563,0.006736733811921421,50,15,0.0,0.0,0.0,0.0,0.0,0.0,1.0,1.0,0.0,0.0,1.0,1.0,1.0,1.0,1.0,1.0,1.0,0,2025-10-18T04:30:00,4251.11
0.0,0.0,0.0,0.0,0.0,0.0,0.5039577836411564,2.009136292851399,0.010430013084660903,50,15,0.0,0.0,0.0,0.0,0.0,0.0,1.0,1.0,0.0,0.0,1.0,1.0,1.0,1.0,1.0,1.0,1.0,0,2025-10-18T04:35:00,4244.61
0.0,0.0,0.0,0.0,0.0,0.0,0.13405088062621193,2.0097660300522175,0.0033625907685269946,50,15,0.0,0.0,0.0,0.0,0.0,0.0,1.0,1.0,0.0,0.0,1.0,1.0,1.0,1.0,1.0,1.0,1.0,0,2025-10-18T04:40:00,4243.28
0.0,0.0,0.0,0.0,0.0,0.0,1.0645161290321339,2.007532956685493,0.0005199129867682806,50,15,0.0,0.0,0.0,0.0,0.0,0.0,1.0,1.0,0.0,0.0,1.0,1.0,1.0,1.0,1.0,1.0,1.0,0,2025-10-18T04:45:00,4248.0
0.0,0.0,0.0,0.0,0.0,0.0,1.1540084388185337,2.0079158219905335,0.007802594180473934,50,15,0.0,0.0,0.0,0.0,0.0,0.0,1.0,1.0,0.0,0.0,1.0,1.0,1.0,1.0,1.0,1.0,1.0,0,2025-10-18T04:50:00,4247.19
0.0,0.0,0.0,0.0,0.0,0.0,5.401639344262254,2.00739119177082,0.006811434012611217,50,15,0.0,0.0,0.0,0.0,0.0,0.0,1.0,1.0,0.0,0.0,1.0,1.0,1.0,1.0,1.0,1.0,1.0,0,2025-10-18T04:55:00,4248.3
0.0,0.0,0.0,0.0,0.0,0.0,1.569892473118462,2.008426536288503,0.008162140270736832,50,15,0.0,0.0,0.0,0.0,0.0,0.0,1.0,1.0,0.0,0.0,1.0,1.0,1.0,1.0,1.0,1.0,1.0,0,2025-10-18T05:00:00,4246.11
0.0,0.0,0.0,0.0,0.0,0.0,1.300194931773921,2.007296692950447,0.005324900248247132,50,15,0.0,0.0,0.0,0.0,0.0,0.0,1.0,1.0,0.0,0.0,1.0,1.0,1.0,1.0,1.0,1.0,1.0,0,2025-10-18T05:05:00,4248.5
0.0,0.0,0.0,0.0,0.0,0.0,0.9083333333333308,2.0087766201767985,0.006599909686700387,50,15,0.0,0.0,0.0,0.0,0.0,0.0,1.0,1.0,0.0,0.0,1.0,1.0,1.0,1.0,1.0,1.0,1.0,0,2025-10-18T05:10:00,4245.37
0.0,0.0,0.0,0.0,0.0,0.0,-0.21164021164023533,2.0099649764545555,0.0021394026768216537,50,15,0.0,0.0,0.0,0.0,0.0,0.0,1.0,1.0,0.0,0.0,1.0,1.0,1.0,1.0,1.0,1.0,1.0,0,2025-10-18T05:15:00,4242.86
0.0,0.0,0.0,0.0,0.0,0.0,-0.7063492063490442,2.009922341766925,0.002299403488653609,50,15,0.0,0.0,0.0,0.0,0.0,0.0,1.0,1.0,0.0,0.0,1.0,1.0,1.0,1.0,1.0,1.0,1.0,1,2025-10-18T05:20:00,4242.95
0.0,0.0,0.0,0.0,0.0,0.0,-0.30088495575237023,2.009491359281403,0.0015305991909655334,50,15,0.0,0.0,0.0,0.0,0.0,0.0,1.0,1.0,0.0,0.0,1.0,1.0,1.0,1.0,1.0,1.0,1.0,1,2025-10-18T05:25:00,4243.86
0.0,0.0,0.0,0.0,0.0,0.0,0.6946564885499412,2.0096949873097882,0.002810021807320387,50,15,0.0,0.0,0.0,0.0,0.0,0.0,1.0,1.0,0.0,0.0,1.0,1.0,1.0,1.0,1.0,1.0,1.0,1,2025-10-18T05:30:00,4243.43
0.0,0.0,0.0,0.0,0.0,0.0,0.05936073059367391,2.0110219472106676,0.003654075655813103,50,15,0.0,0.0,0.0,0.0,0.0,0.0,1.0,1.0,0.0,0.0,1.0,1.0,1.0,1.0,1.0,1.0,1.0,1,2025-10-18T05:35:00,4240.63
0.0,0.0,0.0,0.0,0.0,0.0,0.287257019438436,2.0109271062504215,0.0014223792218768729,50,15,0.0,0.0,0.0,0.0,0.0,0.0,1.0,1.0,0.0,0.0,1.0,1.0,1.0,1.0,1.0,1.0,1.0,1,2025-10-18T05:40:00,4240.83
0.0,0.0,0.0,0.0,0.0,0.0,3.5666666666654097,2.0094108665584303,3.188097050909211e-05,50,15,0.0,0.0,0.0,0.0,0.0,0.0,1.0,1.0,0.0,0.0,1.0,1.0,1.0,1.0,1.0,1.0,1.0,1,2025-10-18T05:45:00,4244.03
0.0,0.0,0.0,0.0,0.0,0.0,0.47019867549666755,2.0098512879734094,0.0038171375635197365,50,15,0.0,0.0,0.0,0.0,0.0,0.0,1.0,1.0,0.0,0.0,1.0,1.0,1.0,1.0,1.0,1.0,1.0,1,2025-10-18T05:50:00,4243.1
0.0,0.0,0.0,0.0,0.0,0.0,1.168604651162364,2.0082704571358536,0.001630138411062105,50,15,0.0,0.0,0.0,0.0,0.0,0.0,1.0,1.0,0.0,0.0,1.0,1.0,1.0,1.0,1.0,1.0,1.0,1,2025-10-18T05:55:00,4246.44
0.0,0.0,0.0,0.0,0.0,0.0,-1.2434988179666648,2.0100313006750326,0.001889243411163108,50,15,0.0,0.0,0.0,0.0,0.0,0.0,1.0,1.0,0.0,0.0,1.0,1.0,1.0,1.0,1.0,1.0,1.0,1,2025-10-18T06:00:00,4242.72
0.0,0.0,0.0,0.0,0.0,0.0,-1.3864734299516788,2.0107184876228046,0.00885397672093495,50,15,0.0,0.0,0.0,0.0,0.0,0.0,1.0,1.0,0.0,0.0,1.0,1.0,1.0,1.0,1.0,1.0,1.0,1,2025-10-18T06:05:00,4241.27
0.0,0.0,0.0,0.0,0.0,0.0,-4.384259259259695,2.010543091822968,0.012175986327053558,50,15,0.0,0.0,0.0,0.0,0.0,0.0,1.0,1.0,0.0,0.0,1.0,1.0,1.0,1.0,1.0,1.0,1.0,1,2025-10-18T06:10:00,4241.64
0.0,0.0,0.0,0.0,0.0,0.0,-1.376884422110745,2.0104340774233944,0.0036694050463955226,50,15,0.0,0.0,0.0,0.0,0.0,0.0,1.0,1.0,0.0,0.0,1.0,1.0,1.0,1.0,1.0,1.0,1.0,1,2025-10-18T06:15:00,4241.87
0.0,0.0,0.0,0.0,0.0,0.0,8.280000000009704,2.0087860835973412,0.001734863609759162,50,15,0.0,0.0,0.0,0.0,0.0,0.0,1.0,1.0,0.0,0.0,1.0,1.0,1.0,1.0,1.0,1.0,1.0,0,2025-10-18T06:20:00,4245.35
0.0,0.0,0.0,0.0,0.0,0.0,-0.27635327635334894,2.007991466978094,0.003271464449354194,50,15,0.0,0.0,0.0,0.0,0.0,0.0,1.0,1.0,0.0,0.0,1.0,1.0,1.0,1.0,1.0,1.0,1.0,1,2025-10-18T06:25:00,4247.03
0.0,0.0,0.0,0.0,0.0,0.0,0.7746478873239864,2.0063569141440105,0.00018512205071790098,50,15,0.0,0.0,0.0,0.0,0.0,0.0,1.0,1.0,0.0,0.0,1.0,1.0,1.0,1.0,1.0,1.0,1.0,0,2025-10-18T06:30:00,4250.49
0.0,0.0,0.0,0.0,0.0,0.0,0.4683908045978207,2.0066212855270495,0.0027271816382655294,50,15,0.0,0.0,0.0,0.0,0.0,0.0,1.0,1.0,0.0,0.0,1.0,1.0,1.0,1.0,1.0,1.0,1.0,0,2025-10-18T06:35:00,4249.93
0.0,0.0,0.0,0.0,0.0,0.0,2.655405405406777,2.006569349935524,0.004746922700561559,50,15,0.0,0.0,0.0,0.0,0.0,0.0,1.0,1.0,0.0,0.0,1.0,1.0,1.0,1.0,1.0,1.0,1.0,0,2025-10-18T06:40:00,4250.04
0.0,0.0,0.0,0.0,0.0,0.0,1.810185185185423,2.0054510265943253,0.0019206840067709035,50,15,0.0,0.0,0.0,0.0,0.0,0.0,1.0,1.0,0.0,0.0,1.0,1.0,1.0,1.0,1.0,1.0,1.0,0,2025-10-18T06:45:00,4252.41
0.0,0.0,0.0,0.0,0.0,0.0,2.243027888446259,2.0061162079510644,0.008733170434317391,50,15,0.0,0.0,0.0,0.0,0.0,0.0,1.0,1.0,0.0,0.0,1.0,1.0,1.0,1.0,1.0,1.0,1.0,0,2025-10-18T06:50:00,4251.0
0.0,0.0,0.0,0.0,0.0,0.0,2.804195804195814,2.0080671176654747,0.010099779109854632,50,15,0.0,0.0,0.0,0.0,0.0,0.0,1.0,1.0,0.0,0.0,1.0,1.0,1.0,1.0,1.0,1.0,1.0,0,2025-10-18T06:55:00,4246.87
0.0,0.0,0.0,0.0,0.0,0.0,1.2153558052434215,2.0068526676456133,0.00487478849891399,50,15,0.0,0.0,0.0,0.0,0.0,0.0,1.0,1.0,0.0,0.0,1.0,1.0,1.0,1.0,1.0,1.0,1.0,0,2025-10-18T07:00:00,4249.44
0.0,0.0,0.0,0.0,0.0,0.0,0.23769507803127757,2.008554255459455,0.006930989225555694,50,15,0.0,0.0,0.0,0.0,0.0,0.0,1.0,1.0,0.0,0.0,1.0,1.0,1.0,1.0,1.0,1.0,1.0,0,2025-10-18T07:05:00,4245.84
0.0,0.0,0.0,0.0,0.0,0.0,-0.10981308411222117,2.0099176046910587,0.003005475549841408,50,15,0.0,0.0,0.0,0.0,0.0,0.0,1.0,1.0,0.0,0.0,1.0,1.0,1.0,1.0,1.0,1.0,1.0,0,2025-10-18T07:10:00,4242.96
0.0,0.0,0.0,0.0,0.0,0.0,0.6363636363636472,2.0094629493487095,0.0029082785200845213,50,15,0.0,0.0,0.0,0.0,0.0,0.0,1.0,1.0,0.0,0.0,1.0,1.0,1.0,1.0,1.0,1.0,1.0,0,2025-10-18T07:15:00,4243.92
0.0,0.0,0.0,0.0,0.0,0.0,1.3206349206347372,2.008956440415637,0.0038508802969321357,50,15,0.0,0.0,0.0,0.0,0.0,0.0,1.0,1.0,0.0,0.0,1.0,1.0,1.0,1.0,1.0,1.0,1.0,0,2025-10-18T07:20:00,4244.99
0.0,0.0,0.0,0.0,0.0,0.0,3.6880733944960595,2.007509327809224,0.001206438838332315,50,15,0.0,0.0,0.0,0.0,0.0,0.0,1.0,1.0,0.0,0.0,1.0,1.0,1.0,1.0,1.0,1.0,1.0,0,2025-10-18T07:25:00,4248.05
0.0,0.0,0.0,0.0,0.0,0.0,-0.14006514657988112,2.0100549889574193,0.006153707781239133,50,15,0.0,0.0,0.0,0.0,0.0,0.0,1.0,1.0,0.0,0.0,1.0,1.0,1.0,1.0,1.0,1.0,1.0,0,2025-10-18T07:30:00,4242.67
0.0,0.0,0.0,0.0,0.0,0.0,-0.09629629629620289,2.0085164110487184,0.004654838361154685,50,15,0.0,0.0,0.0,0.0,0.0,0.0,1.0,1.0,0.0,0.0,1.0,1.0,1.0,1.0,1.0,1.0,1.0,0,2025-10-18T07:35:00,4245.92
0.0,0.0,0.0,0.0,0.0,0.0,0.08791208791200268,2.0097281399645506,0.003987556236613482,50,15,0.0,0.0,0.0,0.0,0.0,0.0,1.0,1.0,0.0,0.0,1.0,1.0,1.0,1.0,1.0,1.0,1.0,0,2025-10-18T07:40:00,4243.36
0.0,0.0,0.0,0.0,0.0,0.0,-0.32107843137259845,2.011339729620085,0.0026129779889172877,50,15,0.0,0.0,0.0,0.0,0.0,0.0,1.0,1.0,0.0,0.0,1.0,1.0,1.0,1.0,1.0,1.0,1.0,0,2025-10-18T07:45:00,4239.96
0.0,0.0,0.0,0.0,0.0,0.0,-0.3474387527840169,2.011282805984787,0.00206328442609887,50,15,0.0,0.0,0.0,0.0,0.0,0.0,1.0,1.0,0.0,0.0,1.0,1.0,1.0,1.0,1.0,1.0,1.0,0,2025-10-18T07:50:00,4240.08
0.0,0.0,0.0,0.0,0.0,0.0,0.14052287581708023,2.0102302996016252,0.00219971682436848,50,15,0.0,0.0,0.0,0.0,0.0,0.0,1.0,1.0,0.0,0.0,1.0,1.0,1.0,1.0,1.0,1.0,1.0,0,2025-10-18T07:55:00,4242.3
0.0,0.0,0.0,0.0,0.0,0.0,-0.675191815856767,2.0100360382868434,0.0037619161184262173,50,15,0.0,0.0,0.0,0.0,0.0,0.0,1.0,1.0,0.0,0.0,1.0,1.0,1.0,1.0,1.0,1.0,1.0,0,2025-10-18T08:00:00,4242.71
0.0,0.0,0.0,0.0,0.0,0.0,-3.140000000000056,2.01170981180322,0.005336028761364603,50,15,0.0,0.0,0.0,0.0,0.0,0.0,1.0,1.0,0.0,0.0,1.0,1.0,1.0,1.0,1.0,1.0,1.0,0,2025-10-18T08:05:00,4239.18
0.0,0.0,0.0,0.0,0.0,0.0,-2.522500000000174,2.011131025374959,0.01400288326596639,50,15,0.0,0.0,0.0,0.0,0.0,0.0,1.0,1.0,0.0,0.0,1.0,1.0,1.0,1.0,1.0,1.0,1.0,0,2025-10-18T08:10:00,4240.4
0.0,0.0,0.0,0.0,0.0,0.0,-8.661290322584252,2.011705066298037,0.011794772619724756,50,15,0.0,0.0,0.0,0.0,0.0,0.0,1.0,1.0,0.0,0.0,1.0,1.0,1.0,1.0,1.0,1.0,1.0,0,2025-10-18T08:15:00,4239.19
0.0,0.0,0.0,0.0,0.0,0.0,-7.427480916034327,2.0111737113560033,0.01343284218753303,50,15,0.0,0.0,0.0,0.0,0.0,0.0,1.0,1.0,0.0,0.0,1.0,1.0,1.0,1.0,1.0,1.0,1.0,0,2025-10-18T08:20:00,4240.31
0.0,0.0,0.0,0.0,0.0,0.0,-6.497382198954041,2.011320754716975,0.01497726531697139,50,15,0.0,0.0,0.0,0.0,0.0,0.0,1.0,1.0,0.0,0.0,1.0,1.0,1.0,1.0,1.0,1.0,1.0,0,2025-10-18T08:25:00,4240.0
0.0,0.0,0.0,0.0,0.0,0.0,-10.500000000000014,2.0121797276667577,0.01361690310643486,50,15,0.0,0.0,0.0,0.0,0.0,0.0,1.0,1.0,0.0,0.0,1.0,1.0,1.0,1.0,1.0,1.0,1.0,0,2025-10-18T08:30:00,4238.19
0.0,0.0,0.0,0.0,0.0,0.0,-2.0439560439558266,2.01070900598638,0.01075032775539334,50,15,0.0,0.0,0.0,0.0,0.0,0.0,1.0,1.0,0.0,0.0,1.0,1.0,1.0,1.0,1.0,1.0,1.0,0,2025-10-18T08:35:00,4241.29
0.0,0.0,0.0,0.0,0.0,0.0,-3.5290322580642215,2.012032558688209,0.010085629014793955,50,15,0.0,0.0,0.0,0.0,0.0,0.0,1.0,1.0,0.0,0.0,1.0,1.0,1.0,1.0,1.0,1.0,1.0,0,2025-10-18T08:40:00,4238.5
0.0,0.0,0.0,0.0,0.0,0.0,-2.629139072847661,2.012317421364349,0.009089041009448596,50,15,0.0,0.0,0.0,0.0,0.0,0.0,1.0,1.0,0.0,0.0,1.0,1.0,1.0,1.0,1.0,1.0,1.0,0,2025-10-18T08:45:00,4237.9
0.0,0.0,0.0,0.0,0.0,0.0,-4.522522522521434,2.0122984280098293,0.006264033158832789,50,15,0.0,0.0,0.0,0.0,0.0,0.0,1.0,1.0,0.0,0.0,1.0,1.0,1.0,1.0,1.0,1.0,1.0,0,2025-10-18T08:50:00,4237.94
0.0,0.0,0.0,0.0,0.0,0.0,-8.130434782610495,2.0130109242665952,0.007405183180833994,50,15,0.0,0.0,0.0,0.0,0.0,0.0,1.0,1.0,0.0,0.0,1.0,1.0,1.0,1.0,1.0,1.0,1.0,0,2025-10-18T08:55:00,4236.44
0.0,0.0,0.0,0.0,0.0,0.0,-3.361370716511083,2.014075858485658,0.010595030246732886,50,15,0.0,0.0,0.0,0.0,0.0,0.0,1.0,1.0,0.0,0.0,1.0,1.0,1.0,1.0,1.0,1.0,1.0,1,2025-10-18T09:00:00,4234.2
0.0,0.0,0.0,0.0,0.0,0.0,-7.087499999999125,2.0155800937830826,0.017171849133143853,50,15,0.0,0.0,0.0,0.0,0.0,0.0,1.0,1.0,0.0,0.0,1.0,1.0,1.0,1.0,1.0,1.0,1.0,1,2025-10-18T09:05:00,4231.04
0.0,0.0,0.0,0.0,0.0,0.0,-2.874734607218787,2.0164903892762753,0.014434167396943923,50,15,0.0,0.0,0.0,0.0,0.0,0.0,1.0,1.0,0.0,0.0,1.0,1.0,1.0,1.0,1.0,1.0,1.0,1,2025-10-18T09:10:00,4229.13
0.0,0.0,0.0,0.0,0.0,0.0,-1.99382716049376,2.0146468225844494,0.020841813228160623,50,15,0.0,0.0,0.0,0.0,0.0,0.0,1.0,1.0,0.0,0.0,1.0,1.0,1.0,1.0,1.0,1.0,1.0,1,2025-10-18T09:15:00,4233.0
0.0,0.0,0.0,0.0,0.0,0.0,-1.5732946298982677,2.0148752988763134,0.012852268064992525,50,15,0.0,0.0,0.0,0.0,0.0,0.0,1.0,1.0,0.0,0.0,1.0,1.0,1.0,1.0,1.0,1.0,1.0,1,2025-10-18T09:20:00,4232.52
0.0,0.0,0.0,0.0,0.0,0.0,-2.6067961165045714,2.0138903648287023,0.009231967629869156,50,15,0.0,0.0,0.0,0.0,0.0,0.0,1.0,1.0,0.0,0.0,1.0,1.0,1.0,1.0,1.0,1.0,1.0,1,2025-10-18T09:25:00,4234.59
0.0,0.0,0.0,0.0,0.0,0.0,-1.4223107569719957,2.012977663218067,0.006806871907345701,50,15,0.0,0.0,0.0,0.0,0.0,0.0,1.0,1.0,0.0,0.0,1.0,1.0,1.0,1.0,1.0,1.0,1.0,1,2025-10-18T09:30:00,4236.51
0.0,0.0,0.0,0.0,0.0,0.0,-4.846534653464805,2.0148800593501193,0.007176168298685366,50,15,0.0,0.0,0.0,0.0,0.0,0.0,1.0,1.0,0.0,0.0,1.0,1.0,1.0,1.0,1.0,1.0,1.0,1,2025-10-18T09:35:00,4232.51
0.0,0.0,0.0,0.0,0.0,0.0,-1.5500000000000678,1.9544458507282343,0.01265416343280003,50,15,0.0,0.0,0.0,0.0,0.0,0.0,1.0,1.0,0.0,0.0,1.0,1.0,1.0,1.0,1.0,1.0,1.0,1,2025-10-18T09:40:00,4234.96
0.0,0.0,0.0,0.0,0.0,0.0,-2.138801261829958,1.7992155750874124,0.005228541728100026,50,15,0.0,0.0,0.0,0.0,0.0,0.0,1.0,1.0,0.0,0.0,1.0,1.0,1.0,1.0,1.0,1.0,1.0,1,2025-10-18T09:45:00,4232.4
0.0,0.0,0.0,0.0,0.0,0.0,-1.5243902439022363,1.7755111677763569,0.009924771407073998,50,15,0.0,0.0,0.0,0.0,0.0,0.0,1.0,1.0,0.0,0.0,1.0,1.0,1.0,1.0,1.0,1.0,1.0,1,2025-10-18T09:50:00,4235.4
0.0,0.0,0.0,0.0,0.0,0.0,-1.2038216560511812,1.6829539525099044,0.004692307561139959,50,15,0.0,0.0,0.0,0.0,0.0,0.0,1.0,1.0,0.0,0.0,1.0,1.0,1.0,1.0,1.0,1.0,1.0,1,2025-10-18T09:55:00,4235.41
0.0,0.0,0.0,0.0,0.0,0.0,-0.17142857142964352,1.6810329579623782,0.006070414738781244,50,15,0.0,0.0,0.0,0.0,0.0,0.0,1.0,1.0,0.0,0.0,1.0,1.0,1.0,1.0,1.0,1.0,1.0,0,2025-10-18T10:00:00,4240.25
0.0,0.0,0.0,0.0,0.0,0.0,-0.10082304526743725,0.7849963792985449,0.00032881880522139437,50,15,0.0,0.0,0.0,0.0,0.0,0.0,1.0,1.0,0.0,0.0,1.0,1.0,1.0,1.0,1.0,1.0,1.0,0,2025-10-18T10:05:00,4239.51
0.0,0.0,0.0,0.0,0.0,0.0,-0.022613065326439766,0.7852575446544381,0.0016570755449229783,50,15,0.0,0.0,0.0,0.0,0.0,0.0,1.0,1.0,0.0,0.0,1.0,1.0,1.0,1.0,1.0,1.0,1.0,0,2025-10-18T10:10:00,4238.1
0.0,0.0,0.0,0.0,0.0,0.0,-1.0833333333331132,0.7850037858505838,0.003943081954040487,50,15,0.0,0.0,0.0,0.0,0.0,0.0,1.0,1.0,0.0,0.0,1.0,1.0,1.0,1.0,1.0,1.0,1.0,0,2025-10-18T10:15:00,4239.47
0.0,0.0,0.0,0.0,0.0,0.0,1.16245487364621,0.7845873843629411,0.0012204801166642082,50,15,0.0,0.0,0.0,0.0,0.0,0.0,1.0,1.0,0.0,0.0,1.0,1.0,1.0,1.0,1.0,1.0,1.0,0,2025-10-18T10:20:00,4241.72
0.0,0.0,0.0,0.0,0.0,0.0,0.9243697478995079,0.7848871488879918,0.00475882870707133,50,15,0.0,0.0,0.0,0.0,0.0,0.0,1.0,1.0,0.0,0.0,1.0,1.0,1.0,1.0,1.0,1.0,1.0,0,2025-10-18T10:25:00,4240.1
0.0,0.0,0.0,0.0,0.0,0.0,1.392638036810177,0.7848667872581722,0.002699043555872206,50,15,0.0,0.0,0.0,0.0,0.0,0.0,1.0,1.0,0.0,0.0,1.0,1.0,1.0,1.0,1.0,1.0,1.0,1,2025-10-18T10:30:00,4240.21
0.0,0.0,0.0,0.0,0.0,0.0,3.9568965517255044,0.6625748933631774,0.004698455836845655,50,15,0.0,0.0,0.0,0.0,0.0,0.0,1.0,1.0,0.0,0.0,1.0,1.0,1.0,1.0,1.0,1.0,1.0,1,2025-10-18T10:35:00,4241.03
0.0,0.0,0.0,0.0,0.0,0.0,3.019900497512746,0.6626936492251758,0.008499153110891776,50,15,0.0,0.0,0.0,0.0,0.0,0.0,1.0,1.0,0.0,0.0,1.0,1.0,1.0,1.0,1.0,1.0,1.0,1,2025-10-18T10:40:00,4240.27
0.0,0.0,0.0,0.0,0.0,0.0,8.141732283463282,0.6519104631039812,0.011483901299149026,50,15,0.0,0.0,0.0,0.0,0.0,0.0,1.0,1.0,0.0,0.0,1.0,1.0,1.0,1.0,1.0,1.0,1.0,1,2025-10-18T10:45:00,4241.38
0.0,0.0,0.0,0.0,0.0,0.0,8.892086330934317,0.651893556273848,0.015237593074719809,50,15,0.0,0.0,0.0,0.0,0.0,0.0,1.0,1.0,0.0,0.0,1.0,1.0,1.0,1.0,1.0,1.0,1.0,1,2025-10-18T10:50:00,4241.49
0.0,0.0,0.0,0.0,0.0,0.0,5.450549450551669,0.6524365496606772,0.010557872705206719,50,15,0.0,0.0,0.0,0.0,0.0,0.0,1.0,1.0,0.0,0.0,1.0,1.0,1.0,1.0,1.0,1.0,1.0,1,2025-10-18T10:55:00,4237.96
0.0,0.0,0.0,0.0,0.0,0.0,1.8591549295773302,0.6522580158145945,0.006774399297554851,50,15,0.0,0.0,0.0,0.0,0.0,0.0,1.0,1.0,0.0,0.0,1.0,1.0,1.0,1.0,1.0,1.0,1.0,1,2025-10-18T11:00:00,4239.12
0.0,0.0,0.0,0.0,0.0,0.0,0.9009433962264857,0.652661395019465,0.005640958552410721,50,15,0.0,0.0,0.0,0.0,0.0,0.0,1.0,1.0,0.0,0.0,1.0,1.0,1.0,1.0,1.0,1.0,1.0,1,2025-10-18T11:05:00,4236.5
0.0,0.0,0.0,0.0,0.0,0.0,-0.002832861189863185,0.652661395019465,1.6874158643423958e-06,50,15,0.0,0.0,0.0,0.0,0.0,0.0,1.0,1.0,0.0,0.0,1.0,1.0,1.0,1.0,1.0,1.0,1.0,1,2025-10-18T11:10:00,4236.5
0.0,0.0,0.0,0.0,0.0,0.0,2.240740740740003,0.6527168601604204,0.004971021036922092,50,15,0.0,0.0,0.0,0.0,0.0,0.0,1.0,1.0,0.0,0.0,1.0,1.0,1.0,1.0,1.0,1.0,1.0,1,2025-10-18T11:15:00,4236.14
0.0,0.0,0.0,0.0,0.0,0.0,6.529411764705739,0.6523857499132819,0.0014771866000767337,50,15,0.0,0.0,0.0,0.0,0.0,0.0,1.0,1.0,0.0,0.0,1.0,1.0,1.0,1.0,1.0,1.0,1.0,1,2025-10-18T11:20:00,4238.29
0.0,0.0,0.0,0.0,0.0,0.0,2.2149837133548194,0.6522457067371117,0.007329974255467058,50,15,0.0,0.0,0.0,0.0,0.0,0.0,1.0,1.0,0.0,0.0,1.0,1.0,1.0,1.0,1.0,1.0,1.0,1,2025-10-18T11:25:00,4239.2
0.0,0.0,0.0,0.0,0.0,0.0,5.829787234046892,0.6519873233857039,0.004729403424198893,50,15,0.0,0.0,0.0,0.0,0.0,0.0,1.0,1.0,0.0,0.0,1.0,1.0,1.0,1.0,1.0,1.0,1.0,1,2025-10-18T11:30:00,4240.88
0.0,0.0,0.0,0.0,0.0,0.0,4.322222222222168,0.6516323803553373,0.006802772565350341,50,15,0.0,0.0,0.0,0.0,0.0,0.0,1.0,1.0,0.0,0.0,1.0,1.0,1.0,1.0,1.0,1.0,1.0,1,2025-10-18T11:35:00,4243.19
0.0,0.0,0.0,0.0,0.0,0.0,3.181034482759366,0.6509512363364897,0.0036551502453854344,50,15,0.0,0.0,0.0,0.0,0.0,0.0,1.0,1.0,0.0,0.0,1.0,1.0,1.0,1.0,1.0,1.0,1.0,1,2025-10-18T11:40:00,4247.63
0.0,0.0,0.0,0.0,0.0,0.0,0.8985507246375962,0.651531039032945,0.010080942710805016,50,15,0.0,0.0,0.0,0.0,0.0,0.0,1.0,1.0,0.0,0.0,1.0,1.0,1.0,1.0,1.0,1.0,1.0,0,2025-10-18T11:45:00,4243.85
0.0,0.0,0.0,0.0,0.0,0.0,2.9315789473682963,0.6507045965866752,0.00714766684826031,50,15,0.0,0.0,0.0,0.0,0.0,0.0,1.0,1.0,0.0,0.0,1.0,1.0,1.0,1.0,1.0,1.0,1.0,0,2025-10-18T11:50:00,4249.24
0.0,0.0,0.0,0.0,0.0,0.0,0.7225352112676062,0.6514159166941439,0.012130904221639541,50,15,0.0,0.0,0.0,0.0,0.0,0.0,1.0,1.0,0.0,0.0,1.0,1.0,1.0,1.0,1.0,1.0,1.0,0,2025-10-18T11:55:00,4244.6
0.0,0.0,0.0,0.0,0.0,0.0,0.5622317596566728,0.6514558211641771,0.003590447946813164,50,15,0.0,0.0,0.0,0.0,0.0,0.0,1.0,1.0,0.0,0.0,1.0,1.0,1.0,1.0,1.0,1.0,1.0,0,2025-10-18T12:00:00,4244.34
0.0,0.0,0.0,0.0,0.0,0.0,0.6641651031894096,0.6515632805798709,0.005278165010425474,50,15,0.0,0.0,0.0,0.0,0.0,0.0,1.0,1.0,0.0,0.0,1.0,1.0,1.0,1.0,1.0,1.0,1.0,0,2025-10-18T12:05:00,4243.64
0.0,0.0,0.0,0.0,0.0,0.0,0.5948275862070742,0.6518781871892294,0.004273594964564754,50,15,0.0,0.0,0.0,0.0,0.0,0.0,1.0,1.0,0.0,0.0,1.0,1.0,1.0,1.0,1.0,1.0,1.0,1,2025-10-18T12:10:00,4241.59
0.0,0.0,0.0,0.0,0.0,0.0,0.3653846153847715,0.6518474511939448,0.0007132660262457037,50,15,0.0,0.0,0.0,0.0,0.0,0.0,1.0,1.0,0.0,0.0,1.0,1.0,1.0,1.0,1.0,1.0,1.0,1,2025-10-18T12:15:00,4241.79
0.0,0.0,0.0,0.0,0.0,0.0,0.7394957983190713,0.6518105718252732,0.0019046022356679362,50,15,0.0,0.0,0.0,0.0,0.0,0.0,1.0,1.0,0.0,0.0,1.0,1.0,1.0,1.0,1.0,1.0,1.0,1,2025-10-18T12:20:00,4242.03
0.0,0.0,0.0,0.0,0.0,0.0,0.2000000000009022,0.6519027780724811,0.0008246238362927563,50,15,0.0,0.0,0.0,0.0,0.0,0.0,1.0,1.0,0.0,0.0,1.0,1.0,1.0,1.0,1.0,1.0,1.0,0,2025-10-18T12:25:00,4241.43
0.0,0.0,0.0,0.0,0.0,0.0,5.354838709681244,0.6513836897293315,5.6306008641171274e-05,50,15,0.0,0.0,0.0,0.0,0.0,0.0,1.0,1.0,0.0,0.0,1.0,1.0,1.0,1.0,1.0,1.0,1.0,0,2025-10-18T12:30:00,4244.81
0.0,0.0,0.0,0.0,0.0,0.0,1.96892655367253,0.6513652757524773,0.008518197928794128,50,15,0.0,0.0,0.0,0.0,0.0,0.0,1.0,1.0,0.0,0.0,1.0,1.0,1.0,1.0,1.0,1.0,1.0,0,2025-10-18T12:35:00,4244.93
0.0,0.0,0.0,0.0,0.0,0.0,8.538461538463734,0.6508945386063943,0.007226372755407146,50,15,0.0,0.0,0.0,0.0,0.0,0.0,1.0,1.0,0.0,0.0,1.0,1.0,1.0,1.0,1.0,1.0,1.0,0,2025-10-18T12:40:00,4248.0
0.0,0.0,0.0,0.0,0.0,0.0,1.3192389006341323,0.6517014947887364,0.014285680641567097,50,15,0.0,0.0,0.0,0.0,0.0,0.0,1.0,1.0,0.0,0.0,1.0,1.0,1.0,1.0,1.0,1.0,1.0,0,2025-10-18T12:45:00,4242.74
0.0,0.0,0.0,0.0,0.0,0.0,0.8317757009346209,0.6518397676479931,0.0077686819300988915,50,15,0.0,0.0,0.0,0.0,0.0,0.0,1.0,1.0,0.0,0.0,1.0,1.0,1.0,1.0,1.0,1.0,1.0,0,2025-10-18T12:50:00,4241.84
0.0,0.0,0.0,0.0,0.0,0.0,1.6326530612247565,0.6256868876970983,0.007099464754686622,50,15,0.0,0.0,0.0,0.0,0.0,0.0,1.0,1.0,0.0,0.0,1.0,1.0,1.0,1.0,1.0,1.0,1.0,0,2025-10-18T12:55:00,4240.14
0.0,0.0,0.0,0.0,0.0,0.0,0.9696969696971808,0.6256293435018676,0.0023189015980364463,50,15,0.0,0.0,0.0,0.0,0.0,0.0,1.0,1.0,0.0,0.0,1.0,1.0,1.0,1.0,1.0,1.0,1.0,0,2025-10-18T13:00:00,4240.53
0.0,0.0,0.0,0.0,0.0,0.0,4.12345679012271,0.6253329373441321,0.0016729482344265412,50,15,0.0,0.0,0.0,0.0,0.0,0.0,1.0,1.0,0.0,0.0,1.0,1.0,1.0,1.0,1.0,1.0,1.0,0,2025-10-18T13:05:00,4242.54
0.0,0.0,0.0,0.0,0.0,0.0,1.1902654867254867,0.6251811564319605,0.0020818754196935832,50,15,0.0,0.0,0.0,0.0,0.0,0.0,1.0,1.0,0.0,0.0,1.0,1.0,1.0,1.0,1.0,1.0,1.0,0,2025-10-18T13:10:00,4243.57
0.0,0.0,0.0,0.0,0.0,0.0,-0.6962962962959248,0.6253756850727737,0.0004928271024017479,50,15,0.0,0.0,0.0,0.0,0.0,0.0,1.0,1.0,0.0,0.0,1.0,1.0,1.0,1.0,1.0,1.0,1.0,0,2025-10-18T13:15:00,4242.25
0.0,0.0,0.0,0.0,0.0,0.0,-2.035714285714861,0.6252548272830698,0.006651601347888551,50,15,0.0,0.0,0.0,0.0,0.0,0.0,1.0,1.0,0.0,0.0,1.0,1.0,1.0,1.0,1.0,1.0,1.0,0,2025-10-18T13:20:00,4243.07
0.0,0.0,0.0,0.0,0.0,0.0,-3.4588235294117715,0.6255732849789254,0.0009505399140595004,50,15,0.0,0.0,0.0,0.0,0.0,0.0,1.0,1.0,0.0,0.0,1.0,1.0,1.0,1.0,1.0,1.0,1.0,0,2025-10-18T13:25:00,4240.91
0.0,0.0,0.0,0.0,0.0,0.0,-4.178082191780101,0.6256942659235947,0.010314426939418137,50,15,0.0,0.0,0.0,0.0,0.0,0.0,1.0,1.0,0.0,0.0,1.0,1.0,1.0,1.0,1.0,1.0,1.0,0,2025-10-18T13:30:00,4240.09
0.0,0.0,0.0,0.0,0.0,0.0,-5.782608695653761,0.6258138174406914,0.005584925645174892,50,15,0.0,0.0,0.0,0.0,0.0,0.0,1.0,1.0,0.0,0.0,1.0,1.0,1.0,1.0,1.0,1.0,1.0,0,2025-10-18T13:35:00,4239.28
0.0,0.0,0.0,0.0,0.0,0.0,-4.409638554213406,0.6256072139373814,0.006267975020481461,50,15,0.0,0.0,0.0,0.0,0.0,0.0,1.0,1.0,0.0,0.0,1.0,1.0,1.0,1.0,1.0,1.0,1.0,0,2025-10-18T13:40:00,4240.68
0.0,0.0,0.0,0.0,0.0,0.0,-1.245370370370816,0.6255673846661655,0.0036618156368532877,50,15,0.0,0.0,0.0,0.0,0.0,0.0,1.0,1.0,0.0,0.0,1.0,1.0,1.0,1.0,1.0,1.0,1.0,0,2025-10-18T13:45:00,4240.95
0.0,0.0,0.0,0.0,0.0,0.0,-1.5081967213115497,0.6257444424789137,0.000784210983225525,50,15,0.0,0.0,0.0,0.0,0.0,0.0,1.0,1.0,0.0,0.0,1.0,1.0,1.0,1.0,1.0,1.0,1.0,1,2025-10-18T13:50:00,4239.75
0.0,0.0,0.0,0.0,0.0,0.0,-2.7540983606553873,0.625939321871536,0.0025216193998314146,50,15,0.0,0.0,0.0,0.0,0.0,0.0,1.0,1.0,0.0,0.0,1.0,1.0,1.0,1.0,1.0,1.0,1.0,0,2025-10-18T13:55:00,4238.43
